challenge_id,user_id,team_id,id,ip,provided,type,date
6,9,3,85,174.204.4.254,"160,164",correct,2022-10-25 19:30:58
19,9,3,86,174.204.4.254,164.502(b),correct,2022-10-25 19:32:54
21,9,3,87,174.204.4.254,True,correct,2022-10-25 19:33:24
20,9,3,88,174.204.4.254,Zip,correct,2022-10-25 19:34:13
6,14,7,102,64.77.246.98,"160,164",correct,2022-10-25 20:04:00
19,14,7,106,64.77.246.98,164.502(b),correct,2022-10-25 20:08:42
21,15,8,110,172.58.77.205,True,correct,2022-10-25 20:10:40
20,15,8,113,172.58.77.205,Zip,correct,2022-10-25 20:12:32
6,16,9,118,172.58.72.100,"160,164",correct,2022-10-25 20:16:36
6,17,10,122,172.226.137.57,"160,164",correct,2022-10-25 20:18:19
21,16,9,130,172.58.77.147,True,correct,2022-10-25 20:21:22
19,17,10,134,172.226.137.57,164.502(b),correct,2022-10-25 20:23:50
21,17,10,136,172.226.137.57,True,correct,2022-10-25 20:24:20
21,14,7,140,64.77.246.98,True,correct,2022-10-25 20:30:45
13,25,15,141,172.58.35.176,FDA,correct,2022-10-25 20:33:06
16,25,15,144,172.58.35.176,CVE-2019-12255,correct,2022-10-25 20:34:58
6,19,12,145,163.116.147.49,"160,164",correct,2022-10-25 20:34:59
21,26,15,151,172.58.47.90,True,correct,2022-10-25 20:35:55
20,14,7,153,64.77.246.98,Zip code,correct,2022-10-25 20:36:08
17,25,15,155,172.58.35.176,III,correct,2022-10-25 20:36:20
18,25,15,157,172.58.35.176,510(k),correct,2022-10-25 20:37:19
15,25,15,158,172.58.35.176,"1,2,3",correct,2022-10-25 20:37:52
19,19,12,161,163.116.147.49,164.502(b),correct,2022-10-25 20:38:35
21,19,12,162,163.116.147.49,True,correct,2022-10-25 20:39:34
20,19,12,163,163.116.147.49,zip,correct,2022-10-25 20:40:22
57,14,7,164,64.77.246.98,164.312,correct,2022-10-25 20:41:07
57,19,12,165,163.116.147.49,164.312,correct,2022-10-25 20:41:24
6,25,15,166,172.58.35.176,"160,164",correct,2022-10-25 20:42:14
21,20,13,167,64.77.246.98,True,correct,2022-10-25 20:42:27
20,17,10,168,172.226.137.57,zip,correct,2022-10-25 20:43:32
19,25,15,170,172.58.35.176,164.502(b),correct,2022-10-25 20:44:14
20,26,15,173,172.58.47.90,Zip code,correct,2022-10-25 20:45:34
57,25,15,174,172.58.35.176,164.312,correct,2022-10-25 20:46:14
11,19,12,175,163.116.147.49,13402(e)(4),correct,2022-10-25 20:47:05
6,33,17,176,64.77.246.98,"160,164",correct,2022-10-25 20:47:22
19,33,17,184,64.77.246.98,164.514(d),correct,2022-10-25 20:48:32
8,19,12,185,163.116.147.49,Florida Healthy Kids Corporation,correct,2022-10-25 20:48:45
21,33,17,186,64.77.246.98,True,correct,2022-10-25 20:48:56
6,29,18,187,172.58.63.15,"160,164",correct,2022-10-25 20:49:00
20,33,17,188,64.77.246.98,zip,correct,2022-10-25 20:49:21
6,32,19,193,163.116.147.32,"160,164",correct,2022-10-25 20:50:35
57,33,17,196,64.77.246.98,164.312,correct,2022-10-25 20:51:01
24,33,17,197,64.77.246.98,WE ARE ALL PATIENTS,correct,2022-10-25 20:51:18
21,12,5,199,64.77.246.98,True,correct,2022-10-25 20:52:00
53,34,21,208,174.204.1.210,Manny,correct,2022-10-25 20:55:28
19,31,18,215,174.247.150.148,164.502(b),correct,2022-10-25 20:56:43
21,31,18,221,174.247.150.148,True,correct,2022-10-25 20:58:18
8,12,5,224,64.77.246.98,Florida Healthy Kids Corporation,correct,2022-10-25 20:58:42
13,19,12,228,163.116.147.49,FDA,correct,2022-10-25 20:58:54
6,37,8,229,174.204.6.196,"160,164",correct,2022-10-25 20:58:55
14,19,12,232,163.116.147.49,False,correct,2022-10-25 20:59:44
11,14,7,234,64.77.246.98,13402(e)(4),correct,2022-10-25 20:59:54
19,32,19,238,163.116.147.32,164.502(b),correct,2022-10-25 21:00:16
6,42,24,244,205.251.233.232,"160,164",correct,2022-10-25 21:00:45
57,39,8,246,24.49.166.217,164.312,correct,2022-10-25 21:00:45
15,19,12,255,163.116.147.49,"I,II,III",correct,2022-10-25 21:01:32
19,39,8,261,24.49.166.217,164.502b,correct,2022-10-25 21:02:11
16,19,12,265,163.116.147.49,CVE-2019-12255,correct,2022-10-25 21:02:41
6,27,25,270,173.239.197.228,"160,164",correct,2022-10-25 21:03:05
17,19,12,273,163.116.147.49,III,correct,2022-10-25 21:03:08
24,37,8,274,174.204.6.196,WE ARE ALL PATIENTS,correct,2022-10-25 21:03:14
21,41,23,276,174.230.193.85,True,correct,2022-10-25 21:03:29
20,31,18,285,174.247.150.148,geocode,correct,2022-10-25 21:04:01
19,27,25,289,173.239.197.228,164.502(b),correct,2022-10-25 21:04:57
21,42,24,295,205.251.233.232,True,correct,2022-10-25 21:06:20
33,37,8,296,174.204.6.196,07/08/2020,correct,2022-10-25 21:06:37
21,27,25,297,173.239.197.228,True,correct,2022-10-25 21:06:46
57,29,18,298,172.58.60.56,164.312,correct,2022-10-25 21:07:05
21,32,19,299,163.116.147.32,True,correct,2022-10-25 21:07:08
20,42,24,302,205.251.233.232,zip code,correct,2022-10-25 21:07:52
28,37,8,304,174.204.6.196,ICSMA-17-009-01A,correct,2022-10-25 21:08:09
8,14,7,306,64.77.246.98,Florida Healthy Kids Corporation,correct,2022-10-25 21:08:49
20,32,19,308,163.116.147.32,Zip code,correct,2022-10-25 21:09:22
20,27,25,309,173.239.197.228,zip code,correct,2022-10-25 21:09:25
57,27,25,313,173.239.197.228,164.312,correct,2022-10-25 21:10:26
57,42,24,314,205.251.233.176,164.312,correct,2022-10-25 21:10:34
23,38,8,316,64.77.246.98,Naval Hospital Naples,correct,2022-10-25 21:10:55
24,27,25,317,173.239.197.228,WE ARE ALL PATIENTS,correct,2022-10-25 21:11:24
20,41,23,320,174.230.193.85,Zip,correct,2022-10-25 21:12:44
20,34,21,323,174.204.1.210,Zip code,correct,2022-10-25 21:13:01
22,37,8,327,174.204.6.196,dicom,correct,2022-10-25 21:14:12
57,32,19,331,163.116.147.32,164.312,correct,2022-10-25 21:15:27
24,25,15,358,172.58.35.176,WE ARE ALL PATIENTS,correct,2022-10-25 21:21:04
10,39,8,364,154.21.212.123,"Anthem,78800000",correct,2022-10-25 21:21:43
10,19,12,365,163.116.147.49,"Anthem,78800000",correct,2022-10-25 21:21:44
14,25,15,373,172.58.35.176,False,correct,2022-10-25 21:22:47
8,37,8,379,174.204.6.196,Florida Healthy Kids Corporation,correct,2022-10-25 21:23:45
6,44,28,380,64.77.246.98,"160,164",correct,2022-10-25 21:23:56
21,45,29,381,174.204.3.203,True,correct,2022-10-25 21:24:18
19,42,24,387,205.251.233.176,164.502(b),correct,2022-10-25 21:26:15
6,45,29,388,174.204.3.203,"160,164",correct,2022-10-25 21:26:54
15,38,8,397,64.77.246.98,"Class 1, Class 2, Class 3",correct,2022-10-25 21:28:54
24,42,24,415,205.251.233.232,WE ARE ALL PATIENTS,correct,2022-10-25 21:33:27
19,45,29,418,174.204.3.203,164.502(b),correct,2022-10-25 21:34:21
22,19,12,420,163.116.147.49,DICOM,correct,2022-10-25 21:35:15
20,45,29,421,174.204.3.203,Zipcode,correct,2022-10-25 21:37:46
57,45,29,425,174.204.3.203,164.312,correct,2022-10-25 21:38:16
18,19,12,430,163.116.147.49,510(k),correct,2022-10-25 21:39:31
10,14,7,432,64.77.246.98,"Anthem,78800000",correct,2022-10-25 21:41:02
6,46,30,433,149.57.29.141,"160,164",correct,2022-10-25 21:41:52
24,45,29,435,174.204.3.203,We are all patients,correct,2022-10-25 21:45:09
21,46,30,443,149.57.29.141,True,correct,2022-10-25 21:47:17
6,47,31,444,64.77.246.98,"160,164",correct,2022-10-25 21:47:52
25,19,12,445,163.116.147.49,$6,correct,2022-10-25 21:47:55
40,19,12,447,163.116.147.49,41610-02,correct,2022-10-25 21:49:59
26,19,12,449,163.116.147.49,II,correct,2022-10-25 21:50:42
19,54,31,454,64.77.246.98,164.502b,correct,2022-10-25 21:51:33
6,50,33,455,174.204.15.99,"160,164",correct,2022-10-25 21:51:49
28,19,12,457,163.116.147.49,ICSMA-17-009-01A,correct,2022-10-25 21:52:36
21,47,31,459,64.77.246.98,True,correct,2022-10-25 21:52:53
6,55,34,464,209.107.188.144,"160,164",correct,2022-10-25 21:53:41
30,19,12,467,163.116.147.49,6.8,correct,2022-10-25 21:54:30
57,54,31,468,64.77.246.98,164.312,correct,2022-10-25 21:54:35
29,19,12,469,163.116.147.49,CVE-2017-5149,correct,2022-10-25 21:54:35
21,50,33,470,174.204.15.99,True,correct,2022-10-25 21:54:52
20,47,31,472,64.77.246.98,zip,correct,2022-10-25 21:55:52
20,50,33,476,174.204.15.99,Zip code,correct,2022-10-25 21:56:19
24,47,31,480,64.77.246.98,WE ARE ALL PATIENTS,correct,2022-10-25 21:56:49
33,19,12,481,163.116.147.49,07/08/2020,correct,2022-10-25 21:56:51
57,53,33,482,134.250.227.147,164.312,correct,2022-10-25 21:57:05
45,55,34,509,209.107.188.144,Skin temperature,correct,2022-10-25 22:00:17
19,50,33,510,174.204.15.99,164.514(d),correct,2022-10-25 22:00:22
39,55,34,511,209.107.188.144,Demo,correct,2022-10-25 22:01:19
6,57,35,513,174.204.6.148,"160,164",correct,2022-10-25 22:02:14
48,19,12,515,163.116.147.49,II,correct,2022-10-25 22:03:39
51,19,12,518,163.116.147.49,Improper Input Validation,correct,2022-10-25 22:04:35
24,50,33,520,174.204.15.99,WE ARE ALL PATIENTS,correct,2022-10-25 22:04:51
47,19,12,522,163.116.147.49,SpO2,correct,2022-10-25 22:05:10
25,17,10,529,104.28.48.140,$6.00,correct,2022-10-25 22:06:41
46,55,34,534,209.107.188.144,5,correct,2022-10-25 22:07:34
19,57,35,535,174.204.6.148,164.502(b),correct,2022-10-25 22:07:59
40,17,10,536,104.28.48.140,41610-02,correct,2022-10-25 22:08:04
53,55,34,537,209.107.188.144,Manny,correct,2022-10-25 22:08:07
21,57,35,539,174.204.6.148,True,correct,2022-10-25 22:08:57
6,56,36,541,64.77.246.98,"160,164",correct,2022-10-25 22:09:40
28,17,10,542,104.28.48.140,ICSMA-17-009-01A,correct,2022-10-25 22:09:57
53,19,12,543,163.116.147.49,Manny,correct,2022-10-25 22:09:58
50,19,12,545,163.116.147.49,PL43106603,correct,2022-10-25 22:10:31
29,17,10,548,104.28.48.140,CVE-2017-5149,correct,2022-10-25 22:10:48
6,48,16,549,64.77.246.98,"160,164",correct,2022-10-25 22:11:30
30,17,10,550,104.28.48.140,6.8,correct,2022-10-25 22:11:34
20,57,35,551,174.204.6.148,Zip code,correct,2022-10-25 22:12:15
56,55,34,572,209.107.188.144,Intelliview,correct,2022-10-25 22:15:06
21,56,36,580,64.77.246.98,True,correct,2022-10-25 22:16:08
20,56,36,596,64.77.246.98,zip code,correct,2022-10-25 22:18:11
19,48,16,602,64.77.246.98,164.502b,correct,2022-10-25 22:18:53
57,57,35,608,174.204.6.148,164.312,correct,2022-10-25 22:19:30
52,55,34,610,209.107.188.144,5 mhom,correct,2022-10-25 22:19:38
21,49,32,611,64.77.246.98,True,correct,2022-10-25 22:19:38
21,48,16,612,64.77.246.98,True,correct,2022-10-25 22:19:45
58,19,12,613,163.116.147.49,CVE-2020-16228,correct,2022-10-25 22:20:01
55,19,12,615,163.116.147.49,B.06.18,correct,2022-10-25 22:20:46
10,34,21,616,174.204.1.210,"Anthem,78,800,000",correct,2022-10-25 22:20:47
57,56,36,618,64.77.246.98,164.312,correct,2022-10-25 22:21:22
20,48,16,619,64.77.246.98,zip code,correct,2022-10-25 22:21:28
24,19,12,620,163.116.147.49,WE ARE ALL PATIENTS,correct,2022-10-25 22:21:54
60,19,12,626,163.116.147.49,MOC-9,correct,2022-10-25 22:22:24
57,48,16,633,64.77.246.98,164.312,correct,2022-10-25 22:23:59
41,19,12,635,163.116.147.49,"40,100,400",correct,2022-10-25 22:24:22
6,49,32,636,64.77.246.98,"160,164",correct,2022-10-25 22:24:39
42,19,12,641,163.116.147.49,9,correct,2022-10-25 22:25:02
24,57,35,642,174.204.6.148,We are all patients,correct,2022-10-25 22:25:08
49,19,12,649,163.116.147.49,"MX100,MX400",correct,2022-10-25 22:27:38
19,56,36,650,64.77.246.98,164.502(b),correct,2022-10-25 22:27:45
24,56,36,651,64.77.246.98,WE ARE ALL PATIENTS,correct,2022-10-25 22:28:10
52,19,12,653,163.116.147.49,> 5 meohms (@ 10 Hz,correct,2022-10-25 22:29:05
11,57,35,655,174.204.6.148,13402(e)(4),correct,2022-10-25 22:29:24
24,14,7,670,64.77.246.98,WE ARE ALL PATIENTS,correct,2022-10-25 22:33:28
13,14,7,671,64.77.246.98,FDA,correct,2022-10-25 22:33:55
56,19,12,675,163.116.147.49,IntelliView,correct,2022-10-25 22:37:06
15,14,7,684,64.77.246.98,"I, II, III",correct,2022-10-25 22:38:29
25,27,25,687,173.239.197.205,$6,correct,2022-10-25 22:38:55
6,63,40,693,174.230.203.161,"160,164",correct,2022-10-25 22:40:14
19,63,40,703,174.230.203.161,164.502(b),correct,2022-10-25 22:43:02
21,63,40,704,174.230.203.161,True,correct,2022-10-25 22:43:28
20,63,40,706,174.230.203.161,Zipcode,correct,2022-10-25 22:44:51
8,57,35,714,174.204.6.148,Florida Healthy Kids Corporation,correct,2022-10-25 22:47:37
40,27,25,716,173.239.197.216,41610-02,correct,2022-10-25 22:47:44
20,49,32,725,64.77.246.98,zip code,correct,2022-10-25 22:50:20
57,63,40,726,174.230.203.161,164.312,correct,2022-10-25 22:50:22
16,14,7,727,64.77.246.98,CVE-2019-12255,correct,2022-10-25 22:51:23
6,67,42,729,64.77.246.98,"160,164",correct,2022-10-25 22:51:52
19,67,42,735,64.77.246.98,164.502(b),correct,2022-10-25 22:52:28
17,14,7,736,64.77.246.98,III,correct,2022-10-25 22:52:39
18,14,7,741,64.77.246.98,510(k),correct,2022-10-25 22:53:23
13,34,21,744,174.204.1.210,FDA,correct,2022-10-25 22:54:09
21,67,42,745,64.77.246.98,True,correct,2022-10-25 22:54:12
26,27,25,748,173.239.197.216,2,correct,2022-10-25 22:54:54
6,69,44,751,174.230.202.181,"160,164",correct,2022-10-25 22:55:07
14,34,21,753,174.204.1.210,False,correct,2022-10-25 22:56:00
20,67,42,757,64.77.246.98,Zip code,correct,2022-10-25 22:56:26
57,67,42,761,64.77.246.98,164.312,correct,2022-10-25 22:57:10
15,34,21,764,174.204.1.210,"I, II, III",correct,2022-10-25 22:57:31
28,27,25,770,173.239.197.216,ICSMA-17-009-01A,correct,2022-10-25 22:58:16
29,27,25,774,173.239.197.216,CVE-2017-5149,correct,2022-10-25 22:59:02
30,27,25,787,173.239.197.216,6.8,correct,2022-10-25 22:59:39
21,69,44,796,174.230.202.181,True,correct,2022-10-25 23:01:06
11,67,42,797,64.77.246.98,13402(e)(4),correct,2022-10-25 23:01:27
24,67,42,803,64.77.246.98,WE ARE ALL PATIENTS,correct,2022-10-25 23:01:43
16,34,21,808,174.204.1.210,CVE-2019-12255,correct,2022-10-25 23:01:58
6,70,45,815,172.58.72.239,"160,164",correct,2022-10-25 23:03:29
19,69,44,833,174.230.202.181,164.502 b,correct,2022-10-25 23:05:56
19,34,21,834,174.204.1.210,164.502(b),correct,2022-10-25 23:06:01
21,70,45,837,172.58.72.239,True,correct,2022-10-25 23:09:14
20,70,45,842,172.58.79.150,Zip,correct,2022-10-25 23:11:00
57,49,32,847,64.77.246.98,164.312,correct,2022-10-25 23:11:51
19,49,32,848,64.77.246.98,164.502(b),correct,2022-10-25 23:14:16
8,67,42,865,136.36.2.27,Florida Healthy Kids Corporation,correct,2022-10-26 00:07:10
12,14,7,882,76.8.206.122,35085558,correct,2022-10-26 00:14:45
6,59,38,894,64.147.131.251,"160,164",correct,2022-10-26 00:17:46
26,67,42,901,136.36.2.27,2,correct,2022-10-26 00:21:56
28,67,42,902,136.36.2.27,ICSMA-17-009-01A,correct,2022-10-26 00:22:47
29,67,42,904,136.36.2.27,CVE-2017-5149,correct,2022-10-26 00:23:36
21,10,4,908,172.83.4.34,True,correct,2022-10-26 00:23:54
30,67,42,909,136.36.2.27,6.8,correct,2022-10-26 00:23:57
11,63,40,920,73.127.17.125,13402(e)(4),correct,2022-10-26 00:27:01
23,14,7,928,76.8.206.122,Naval Hospital - Naples,correct,2022-10-26 00:27:46
8,63,40,944,73.127.17.125,Florida healthy kids corporation,correct,2022-10-26 00:32:30
22,14,7,946,76.8.206.122,DICOM,correct,2022-10-26 00:33:01
25,14,7,948,76.8.206.122,$6,correct,2022-10-26 00:33:38
33,67,42,957,136.36.2.27,07/08/2020,correct,2022-10-26 00:38:05
10,63,40,967,174.230.203.161,"Anthem,78800000",correct,2022-10-26 00:51:04
26,17,10,970,104.28.48.140,2,correct,2022-10-26 00:53:31
33,17,10,974,104.28.48.140,07/08/2020,correct,2022-10-26 00:54:34
36,67,42,975,136.36.2.27,Lattelecom,correct,2022-10-26 00:54:39
12,67,42,977,136.36.2.27,35085558,correct,2022-10-26 00:55:50
13,67,42,987,136.36.2.27,FDA,correct,2022-10-26 00:59:33
14,67,42,988,136.36.2.27,False,correct,2022-10-26 00:59:44
15,67,42,989,136.36.2.27,"Class 1, Class 2, Class 3",correct,2022-10-26 01:00:13
16,67,42,990,136.36.2.27,CVE-2019-12255,correct,2022-10-26 01:00:52
17,67,42,991,136.36.2.27,Class 3,correct,2022-10-26 01:01:08
18,67,42,992,136.36.2.27,510(k),correct,2022-10-26 01:01:24
23,67,42,994,136.36.2.27,Naval Hospital Naples,correct,2022-10-26 01:03:50
22,67,42,996,136.36.2.27,DICOM,correct,2022-10-26 01:08:57
34,67,42,1011,136.36.2.27,Zarlink ZL70101,correct,2022-10-26 01:37:11
13,63,40,1013,174.230.203.161,FDA,correct,2022-10-26 01:37:21
31,67,42,1014,136.36.2.27,+46-8-474-4756,correct,2022-10-26 01:38:15
14,63,40,1015,174.230.203.161,False,correct,2022-10-26 01:39:49
15,63,40,1016,174.230.203.161,"1,2,3",correct,2022-10-26 01:41:47
44,67,42,1017,136.36.2.27,30,correct,2022-10-26 01:42:19
42,67,42,1021,136.36.2.27,9,correct,2022-10-26 01:43:39
58,67,42,1024,136.36.2.27,CVE-2020-16228,correct,2022-10-26 01:46:26
60,67,42,1025,136.36.2.27,MOC-9,correct,2022-10-26 01:47:12
55,67,42,1026,136.36.2.27,B.06.18,correct,2022-10-26 01:47:54
51,67,42,1027,136.36.2.27,Improper Input Validation,correct,2022-10-26 01:48:31
16,63,40,1031,174.230.203.161,CVE-2019-12255,correct,2022-10-26 01:49:05
17,63,40,1040,174.230.203.161,Class 3,correct,2022-10-26 01:51:01
48,67,42,1043,136.36.2.27,II,correct,2022-10-26 01:51:30
45,67,42,1067,136.36.2.27,skin temperature,correct,2022-10-26 01:59:40
57,69,44,1069,205.197.208.147,164.312,correct,2022-10-26 02:04:00
37,17,10,1071,172.226.137.33,vcc,correct,2022-10-26 02:05:01
28,72,47,1077,216.50.140.120,ICSMA-17-009-01A,correct,2022-10-26 02:07:57
29,72,47,1080,216.50.140.120,CVE-2017-5149,correct,2022-10-26 02:09:52
20,69,44,1086,205.197.208.147,Zip code,correct,2022-10-26 02:11:28
51,17,10,1090,172.226.137.33,Improper Input Validation,correct,2022-10-26 02:12:03
30,72,47,1091,216.50.140.120,6.8,correct,2022-10-26 02:12:26
6,73,48,1099,67.214.234.34,"160,164",correct,2022-10-26 02:22:48
26,72,47,1106,216.50.140.120,2,correct,2022-10-26 02:26:41
33,72,47,1111,216.50.140.120,07/08/2020,correct,2022-10-26 02:27:58
21,73,48,1113,67.214.234.34,True,correct,2022-10-26 02:28:58
57,73,48,1119,67.214.234.34,164.312,correct,2022-10-26 02:32:28
6,20,13,1122,67.164.203.183,"160,164",correct,2022-10-26 02:35:20
19,20,13,1125,67.164.203.183,164.514(d),correct,2022-10-26 02:41:01
12,37,8,1129,174.204.6.196,35085558,correct,2022-10-26 02:45:15
21,43,27,1133,172.58.73.72,True,correct,2022-10-26 02:51:14
9,37,8,1139,174.204.6.196,2000000,correct,2022-10-26 02:58:59
45,19,12,1143,163.116.147.32,skin temperature,correct,2022-10-26 02:59:55
46,19,12,1145,163.116.147.32,5,correct,2022-10-26 03:00:22
57,70,45,1150,172.58.72.239,164.312,correct,2022-10-26 03:01:35
20,20,13,1159,67.164.203.183,zip code,correct,2022-10-26 03:04:05
57,20,13,1161,67.164.203.183,164.312,correct,2022-10-26 03:05:07
43,19,12,1162,163.116.147.32,"1.4,2.4",correct,2022-10-26 03:05:26
19,70,45,1189,172.58.72.239,164.502(b),correct,2022-10-26 03:12:18
33,27,25,1209,216.50.140.120,07/08/2020,correct,2022-10-26 03:16:01
11,20,13,1211,67.164.203.183,13402(e)(4),correct,2022-10-26 03:16:46
9,19,12,1213,163.116.147.32,2000000,correct,2022-10-26 03:17:56
8,20,13,1218,67.164.203.183,Florida Healthy Kids Corporation,correct,2022-10-26 03:19:10
35,27,25,1233,216.50.140.120,blob version 2.0.5-pre2,correct,2022-10-26 03:27:17
23,19,12,1239,163.116.147.32,Naval Hospital - Naples,correct,2022-10-26 03:29:10
59,19,12,1250,163.116.147.32,Iris,correct,2022-10-26 03:31:29
44,19,12,1254,163.116.147.32,30,correct,2022-10-26 03:33:24
36,27,25,1262,216.50.140.120,LATTELECOM,correct,2022-10-26 03:35:18
9,20,13,1271,67.164.203.183,2000000,correct,2022-10-26 03:37:16
13,20,13,1300,67.164.203.183,FDA,correct,2022-10-26 03:50:49
14,20,13,1303,67.164.203.183,False,correct,2022-10-26 03:51:31
15,20,13,1306,67.164.203.183,"Class 1,Class 2,Class 3",correct,2022-10-26 03:52:40
16,20,13,1313,67.164.203.183,CVE-2019-12255,correct,2022-10-26 03:54:27
17,20,13,1316,67.164.203.183,Class 3,correct,2022-10-26 03:54:49
18,20,13,1318,67.164.203.183,510(k),correct,2022-10-26 03:55:23
8,17,10,1319,38.70.255.102,Florida Healthy Kids Corporation,correct,2022-10-26 03:56:16
15,74,49,1332,184.170.242.150,"Class 1, Class 2, Class 3",correct,2022-10-26 04:00:47
17,74,49,1335,184.170.242.150,Class 3,correct,2022-10-26 04:01:06
13,74,49,1337,184.170.242.150,FDA,correct,2022-10-26 04:01:18
7,17,10,1344,38.70.255.102,357,correct,2022-10-26 04:02:53
14,74,49,1346,184.170.242.150,False,correct,2022-10-26 04:03:15
13,17,10,1349,38.70.255.102,FDA,correct,2022-10-26 04:04:27
14,17,10,1350,38.70.255.102,False,correct,2022-10-26 04:04:44
15,17,10,1351,38.70.255.102,"1, 2, 3",correct,2022-10-26 04:05:27
18,17,10,1353,38.70.255.102,510k,correct,2022-10-26 04:05:52
17,17,10,1355,38.70.255.102,3,correct,2022-10-26 04:06:09
23,74,49,1357,184.170.242.166,Naval Hospital - Naples,correct,2022-10-26 04:06:32
22,74,49,1360,184.170.242.166,DICOM,correct,2022-10-26 04:06:46
16,17,10,1366,38.70.255.102,CVE-2019-12255,correct,2022-10-26 04:07:36
9,17,10,1371,38.70.255.102,2000000,correct,2022-10-26 04:08:59
12,17,10,1383,38.70.255.102,35085558,correct,2022-10-26 04:14:49
33,74,49,1394,184.170.241.115,07/08/2020,correct,2022-10-26 04:28:46
18,74,49,1399,184.170.241.115,510(K),correct,2022-10-26 04:31:14
16,74,49,1400,184.170.241.115,CVE-2019-12255,correct,2022-10-26 04:32:57
30,20,13,1408,67.164.203.183,6.8,correct,2022-10-26 04:35:01
25,67,42,1410,136.36.2.27,$6.00,correct,2022-10-26 04:36:34
13,47,31,1418,67.2.7.1,fda,correct,2022-10-26 04:44:31
28,20,13,1422,67.164.203.183,ICSMA-17-009-01A,correct,2022-10-26 04:45:22
26,20,13,1428,67.164.203.183,2,correct,2022-10-26 04:46:04
33,20,13,1431,67.164.203.183,07/08/2020,correct,2022-10-26 04:47:12
15,47,31,1432,67.2.7.1,"I,II,III",correct,2022-10-26 04:48:21
29,20,13,1434,67.164.203.183,CVE-2017-5149,correct,2022-10-26 04:49:42
16,47,31,1440,67.2.7.1,CVE-2019-12255,correct,2022-10-26 04:56:13
17,47,31,1441,67.2.7.1,III,correct,2022-10-26 04:56:53
18,47,31,1444,67.2.7.1,510(k),correct,2022-10-26 04:58:54
13,76,53,1446,67.2.7.1,fda,correct,2022-10-26 05:00:41
14,76,53,1447,67.2.7.1,False,correct,2022-10-26 05:00:48
15,76,53,1448,67.2.7.1,"I,II,iii",correct,2022-10-26 05:00:56
16,76,53,1449,67.2.7.1,CVE-2019-12255,correct,2022-10-26 05:01:41
17,76,53,1450,67.2.7.1,iii,correct,2022-10-26 05:01:47
18,76,53,1451,67.2.7.1,510(k),correct,2022-10-26 05:01:56
6,76,53,1452,67.2.7.1,"160,164",correct,2022-10-26 05:02:18
43,20,13,1459,67.164.203.183,"1.4,2.4",correct,2022-10-26 05:05:28
35,76,53,1460,67.2.7.1,blob version 2.0.5-pre2,correct,2022-10-26 05:07:38
44,20,13,1461,67.164.203.183,30,correct,2022-10-26 05:07:38
27,76,53,1465,67.2.7.1,0x01700000,correct,2022-10-26 05:09:02
26,76,53,1467,67.2.7.1,ii,correct,2022-10-26 05:10:16
29,76,53,1470,67.2.7.1,CVE-2017-5149,correct,2022-10-26 05:12:25
28,76,53,1475,67.2.7.1,ICSMA-17-009-01A,correct,2022-10-26 05:15:00
58,20,13,1477,67.164.203.183,CVE-2020-16228,correct,2022-10-26 05:16:00
55,20,13,1479,67.164.203.183,B.06.18,correct,2022-10-26 05:17:34
51,20,13,1482,67.164.203.183,Improper Input Validation,correct,2022-10-26 05:18:45
48,20,13,1485,67.164.203.183,2,correct,2022-10-26 05:19:42
19,76,53,1486,67.2.7.1,164.502(b),correct,2022-10-26 05:20:07
21,76,53,1487,67.2.7.1,True,correct,2022-10-26 05:20:15
20,76,53,1490,67.2.7.1,zip,correct,2022-10-26 05:20:31
24,76,53,1491,67.2.7.1,WE ARE ALL PATIENTS,correct,2022-10-26 05:20:43
45,20,13,1492,67.164.203.183,skin temperature,correct,2022-10-26 05:21:11
46,20,13,1503,67.164.203.183,5,correct,2022-10-26 05:24:50
6,68,43,1506,174.230.205.120,"160,164",correct,2022-10-26 05:25:41
47,20,13,1509,67.164.203.183,SpO2,correct,2022-10-26 05:26:27
60,20,13,1511,67.164.203.183,MOC-9,correct,2022-10-26 05:28:09
19,68,43,1514,174.230.205.120,164.502(b),correct,2022-10-26 05:29:08
21,68,43,1516,174.230.205.120,True,correct,2022-10-26 05:29:21
20,68,43,1526,174.230.205.120,Zip code,correct,2022-10-26 05:34:36
57,68,43,1527,174.230.205.120,164.312,correct,2022-10-26 05:36:20
21,77,54,1528,107.122.173.13,True,correct,2022-10-26 05:42:44
33,76,53,1534,67.2.7.1,07/08/2020,correct,2022-10-26 06:03:31
12,63,40,1547,174.230.193.241,35085558,correct,2022-10-26 06:55:59
9,63,40,1551,174.230.193.241,2000000,correct,2022-10-26 06:59:54
7,63,40,1552,174.230.193.241,358,correct,2022-10-26 07:00:51
18,63,40,1555,174.230.193.241,510(k),correct,2022-10-26 07:02:25
26,63,40,1557,174.230.193.241,2,correct,2022-10-26 07:03:21
57,78,55,1559,136.36.98.146,164.312,correct,2022-10-26 07:10:09
28,63,40,1561,174.230.193.241,ICSMA-17-009-01A,correct,2022-10-26 07:10:22
6,78,55,1562,136.36.98.146,"160,164",correct,2022-10-26 07:11:09
29,63,40,1564,174.230.193.241,CVE-2017-5149,correct,2022-10-26 07:12:02
30,63,40,1569,174.230.193.241,6.8,correct,2022-10-26 07:12:58
19,78,55,1570,136.36.98.146,164.502(b),correct,2022-10-26 07:13:54
21,78,55,1573,136.36.98.146,True,correct,2022-10-26 07:14:34
20,78,55,1576,136.36.98.146,zip code,correct,2022-10-26 07:15:47
11,78,55,1588,136.36.98.146,13402(e)(4),correct,2022-10-26 07:18:58
8,78,55,1594,136.36.98.146,Florida Healthy Kids Corporation,correct,2022-10-26 07:21:47
7,78,55,1607,136.36.98.146,358,correct,2022-10-26 07:34:17
9,78,55,1609,136.36.98.146,1290670,correct,2022-10-26 07:37:43
31,63,40,1616,174.230.193.241,+46-8-474-4756,correct,2022-10-26 07:41:00
33,63,40,1617,174.230.193.241,07/08/2020,correct,2022-10-26 07:43:13
35,63,40,1619,174.230.193.241,Blob version 2.0.5-pre2,correct,2022-10-26 07:46:50
13,78,55,1626,136.36.98.146,FDA,correct,2022-10-26 07:50:47
34,63,40,1627,174.230.193.241,Zarlink ZL70101,correct,2022-10-26 07:53:10
15,78,55,1634,136.36.98.146,"Class 1, Class 2, Class 3",correct,2022-10-26 07:55:42
16,78,55,1635,136.36.98.146,CVE-2019-12255,correct,2022-10-26 07:57:03
17,78,55,1636,136.36.98.146,class 3,correct,2022-10-26 07:57:26
18,78,55,1637,136.36.98.146,510(k),correct,2022-10-26 07:58:32
23,78,55,1639,136.36.98.146,Naval Hospital - Naples,correct,2022-10-26 07:59:36
36,63,40,1641,174.230.193.241,Lattelecom,correct,2022-10-26 08:00:22
22,78,55,1645,136.36.98.146,DICOM,correct,2022-10-26 08:00:58
26,78,55,1665,136.36.98.146,2,correct,2022-10-26 08:05:28
28,78,55,1670,136.36.98.146,ICSMA-17-009-01A,correct,2022-10-26 08:06:51
29,78,55,1671,136.36.98.146,CVE-2017-5149,correct,2022-10-26 08:08:17
30,78,55,1672,136.36.98.146,6.8,correct,2022-10-26 08:08:42
58,63,40,1673,174.230.193.241,CVE-2020-16228,correct,2022-10-26 08:15:07
60,63,40,1679,174.230.193.241,MOC-9,correct,2022-10-26 08:18:38
59,63,40,1680,174.230.193.241,Iris,correct,2022-10-26 08:18:51
55,63,40,1682,174.230.193.241,B.06.18,correct,2022-10-26 08:20:00
47,63,40,1683,174.230.193.241,SpO2,correct,2022-10-26 08:22:05
33,78,55,1688,136.36.98.146,07/08/2020,correct,2022-10-26 08:24:21
46,63,40,1703,174.230.193.241,5,correct,2022-10-26 08:28:54
42,63,40,1711,174.230.193.241,9,correct,2022-10-26 08:32:52
43,63,40,1715,174.230.193.241,"1.4,2.4",correct,2022-10-26 08:38:31
56,63,40,1717,174.230.193.241,IntelliView,correct,2022-10-26 08:42:32
49,63,40,1735,174.230.193.241,"MX100,MX400",correct,2022-10-26 08:52:53
41,63,40,1741,174.230.193.241,"40,100,400",correct,2022-10-26 08:54:43
44,63,40,1742,174.230.193.241,30,correct,2022-10-26 08:56:18
37,63,40,1765,174.230.193.241,VCC,correct,2022-10-26 09:23:31
6,79,56,1780,166.70.240.7,"160,164",correct,2022-10-26 10:25:35
19,79,56,1784,166.70.240.7,164.502(b),correct,2022-10-26 10:28:25
21,79,56,1785,166.70.240.7,True,correct,2022-10-26 10:29:18
20,79,56,1786,166.70.240.7,Zip code,correct,2022-10-26 10:31:41
57,79,56,1791,166.70.240.7,164.312,correct,2022-10-26 10:36:33
23,17,10,1794,38.70.255.102,Naval Hospital Naples,correct,2022-10-26 11:10:59
22,17,10,1795,38.70.255.102,dicom,correct,2022-10-26 11:17:04
45,17,10,1797,38.70.255.102,skin temperature,correct,2022-10-26 11:19:11
47,17,10,1802,38.70.255.102,SPO2,correct,2022-10-26 11:20:48
34,17,10,1807,38.70.255.102,zarlink zl70101,correct,2022-10-26 11:45:46
36,17,10,1813,38.70.255.102,Lattelecom,correct,2022-10-26 12:10:25
48,17,10,1815,38.70.255.102,2,correct,2022-10-26 12:15:01
19,46,30,1816,149.57.29.183,164.502(b),correct,2022-10-26 13:45:26
20,46,30,1817,149.57.29.183,zip,correct,2022-10-26 13:48:35
57,46,30,1818,149.57.29.183,164.312,correct,2022-10-26 13:52:20
11,46,30,1821,149.57.29.183,13402(e)(4),correct,2022-10-26 13:57:28
8,46,30,1826,149.57.29.183,Florida Healthy Kids Corporation,correct,2022-10-26 14:01:51
7,46,30,1828,149.57.29.183,358,correct,2022-10-26 14:02:58
9,46,30,1829,149.57.29.183,1290670,correct,2022-10-26 14:03:43
10,46,30,1834,149.57.29.183,"Anthem,78800000",correct,2022-10-26 14:11:04
12,46,30,1835,149.57.29.183,35085558,correct,2022-10-26 14:13:01
6,81,57,1836,107.122.173.137,"160,164",correct,2022-10-26 14:17:38
21,81,57,1849,107.122.173.137,True,correct,2022-10-26 14:23:48
20,81,57,1850,107.122.173.137,zip,correct,2022-10-26 14:25:20
57,81,57,1851,107.122.173.137,164.312,correct,2022-10-26 14:26:14
18,38,8,1857,24.2.87.117,510k,correct,2022-10-26 14:35:05
16,38,8,1868,24.2.87.117,CVE-2019-12255,correct,2022-10-26 14:39:15
14,38,8,1869,24.2.87.117,False,correct,2022-10-26 14:39:30
13,38,8,1870,24.2.87.117,FDA,correct,2022-10-26 14:39:42
17,38,8,1872,24.2.87.117,Class 3,correct,2022-10-26 14:40:16
24,69,44,1877,64.77.246.98,We are all patients,correct,2022-10-26 15:04:01
25,76,53,1881,64.77.246.98,6,correct,2022-10-26 15:13:06
40,76,53,1883,64.77.246.98,41610-02,correct,2022-10-26 15:15:37
13,57,35,1887,174.230.208.106,Fda,correct,2022-10-26 15:18:24
35,17,10,1891,172.58.46.168,Blob version 2.0.5-pre2,correct,2022-10-26 15:20:47
27,17,10,1892,172.58.46.168,0x01700000,correct,2022-10-26 15:21:16
39,17,10,1897,172.58.46.168,Demo,correct,2022-10-26 15:24:06
53,17,10,1901,172.58.46.168,Manny,correct,2022-10-26 15:26:30
61,17,10,1908,172.58.46.168,Alivecor,correct,2022-10-26 15:30:14
19,81,57,1909,208.54.235.80,164.502(b),correct,2022-10-26 15:30:19
16,57,35,1910,174.230.208.106,CVE-2019-12255,correct,2022-10-26 15:30:43
17,57,35,1911,174.230.208.106,Class 3,correct,2022-10-26 15:30:55
15,57,35,1912,174.230.208.106,"Class 1, class 2, class 3",correct,2022-10-26 15:31:14
62,17,10,1913,172.58.46.168,Operation,correct,2022-10-26 15:31:35
18,57,35,1914,174.230.208.106,510k,correct,2022-10-26 15:33:16
59,17,10,1915,172.58.46.168,Iris,correct,2022-10-26 15:33:57
50,17,10,1916,172.58.46.168,PL43106603,correct,2022-10-26 15:34:37
41,17,10,1917,172.58.46.168,"40, 100, 400",correct,2022-10-26 15:36:10
25,82,58,1918,174.250.28.9,6.00,correct,2022-10-26 15:36:26
40,82,58,1919,174.250.28.9,41610-02,correct,2022-10-26 15:36:52
6,84,59,1922,107.181.245.76,"160,164",correct,2022-10-26 15:38:42
26,82,58,1923,174.250.28.9,2,correct,2022-10-26 15:38:47
28,82,58,1924,174.250.28.9,ICSMA-17-009-01A,correct,2022-10-26 15:39:32
29,82,58,1927,174.250.28.9,CVE-2017-5149,correct,2022-10-26 15:40:29
30,82,58,1928,174.250.28.9,6.8,correct,2022-10-26 15:40:49
19,84,59,1929,107.181.245.76,164.502(b),correct,2022-10-26 15:41:29
21,84,59,1931,107.181.245.76,True,correct,2022-10-26 15:43:11
20,84,59,1935,107.181.245.76,Zip code,correct,2022-10-26 15:46:37
6,86,60,1936,172.58.72.127,"160,164",correct,2022-10-26 15:46:42
19,86,60,1937,172.58.77.3,164.502(b),correct,2022-10-26 15:48:53
21,86,60,1938,172.58.77.3,True,correct,2022-10-26 15:49:36
57,84,59,1939,107.181.245.76,164.312(b),correct,2022-10-26 15:50:12
6,58,37,1940,64.77.246.98,"160,164",correct,2022-10-26 15:50:47
24,84,59,1941,107.181.245.76,We are all patients,correct,2022-10-26 15:51:16
6,82,58,1947,64.77.246.98,"160,164",correct,2022-10-26 15:55:17
20,86,60,1954,172.58.72.127,zip code,correct,2022-10-26 15:56:29
19,82,58,1971,64.77.246.98,164.502(b),correct,2022-10-26 15:57:51
21,82,58,1972,64.77.246.98,True,correct,2022-10-26 15:58:13
57,86,60,1973,172.58.77.3,164.312,correct,2022-10-26 15:58:59
6,88,62,1974,174.204.3.52,"160,164",correct,2022-10-26 15:59:01
20,82,58,1975,64.77.246.98,zip,correct,2022-10-26 16:00:19
6,60,39,1976,64.77.246.98,"160,164",correct,2022-10-26 16:00:45
19,88,62,1978,174.204.3.52,164.502(b),correct,2022-10-26 16:02:13
33,82,58,1983,64.77.246.98,07/08/2020,correct,2022-10-26 16:03:10
19,60,39,1986,64.77.246.98,164.502(b),correct,2022-10-26 16:04:58
6,90,26,1988,64.77.246.98,"160,164",correct,2022-10-26 16:05:46
21,60,39,1989,64.77.246.98,True,correct,2022-10-26 16:06:05
20,88,62,1991,174.204.3.52,Zipcode,correct,2022-10-26 16:07:15
20,60,39,1992,64.77.246.98,zip code,correct,2022-10-26 16:07:37
6,87,61,1998,137.190.250.225,"160,164",correct,2022-10-26 16:09:25
19,90,26,2004,64.77.246.98,164.502b,correct,2022-10-26 16:10:02
21,90,26,2006,64.77.246.98,True,correct,2022-10-26 16:11:07
57,88,62,2007,174.204.3.52,164.312,correct,2022-10-26 16:11:24
57,60,39,2010,64.77.246.98,164.312,correct,2022-10-26 16:12:07
6,91,64,2012,174.247.149.109,"160,164",correct,2022-10-26 16:13:02
28,14,7,2013,64.77.246.98,ICSMA-17-009-01A,correct,2022-10-26 16:15:00
20,90,26,2019,64.77.246.98,zip code,correct,2022-10-26 16:16:13
19,87,61,2021,137.190.250.225,164.502(b),correct,2022-10-26 16:16:19
29,14,7,2022,64.77.246.98,CVE-2017-5149,correct,2022-10-26 16:16:22
21,87,61,2025,137.190.250.225,True,correct,2022-10-26 16:19:58
30,14,7,2026,64.77.246.98,6.8,correct,2022-10-26 16:20:16
13,83,58,2028,64.77.246.98,FDA,correct,2022-10-26 16:20:18
36,82,58,2032,64.77.246.98,lattelecom,correct,2022-10-26 16:20:35
11,60,39,2034,64.77.246.98,13402(e)(4),correct,2022-10-26 16:20:37
57,90,26,2035,64.77.246.98,164.312(b),correct,2022-10-26 16:21:20
23,83,58,2039,64.77.246.98,Naval Hospital - Naples,correct,2022-10-26 16:22:26
39,19,12,2040,163.116.147.32,Demo,correct,2022-10-26 16:22:31
22,83,58,2044,64.77.246.98,DICOM,correct,2022-10-26 16:22:58
53,20,13,2046,64.77.246.98,Manny,correct,2022-10-26 16:23:00
25,20,13,2048,64.77.246.98,6,correct,2022-10-26 16:23:41
6,94,65,2052,37.19.210.86,"160,164",correct,2022-10-26 16:24:14
61,19,12,2067,163.116.147.32,AliveCor,correct,2022-10-26 16:26:56
19,94,65,2069,37.19.210.86,164.502(b),correct,2022-10-26 16:27:33
19,44,28,2073,64.77.246.98,164.502(b),correct,2022-10-26 16:28:46
21,94,65,2074,37.19.210.86,True,correct,2022-10-26 16:28:56
62,19,12,2075,163.116.147.32,Operation,correct,2022-10-26 16:28:57
21,44,28,2076,64.77.246.98,True,correct,2022-10-26 16:29:51
6,95,66,2077,64.77.246.98,"160,164",correct,2022-10-26 16:30:00
20,94,65,2079,37.19.210.86,zip,correct,2022-10-26 16:30:13
35,82,58,2080,174.250.28.9,blob version 2.0.5-pre2,correct,2022-10-26 16:30:15
27,82,58,2084,174.250.28.9,0x01700000,correct,2022-10-26 16:31:02
20,44,28,2090,64.77.246.98,zip code,correct,2022-10-26 16:31:51
19,95,66,2093,64.77.246.98,164.502(b),correct,2022-10-26 16:32:33
12,19,12,2094,163.116.147.32,35085558,correct,2022-10-26 16:32:52
20,87,61,2096,137.190.250.225,zip code,correct,2022-10-26 16:33:07
7,19,12,2097,163.116.147.32,357,correct,2022-10-26 16:33:55
57,44,28,2100,64.77.246.98,164.312(b),correct,2022-10-26 16:35:28
13,94,65,2101,37.19.210.86,FDA,correct,2022-10-26 16:35:34
14,94,65,2102,37.19.210.86,False,correct,2022-10-26 16:35:50
11,17,10,2108,64.77.246.98,13402(e)(4),correct,2022-10-26 16:36:05
24,90,26,2110,64.77.246.98,WE ARE ALL PATIENTS,correct,2022-10-26 16:36:11
21,95,66,2112,64.77.246.98,True,correct,2022-10-26 16:37:01
15,94,65,2119,37.19.210.86,"I,II,III",correct,2022-10-26 16:38:04
20,95,66,2121,64.77.246.98,zip code,correct,2022-10-26 16:38:40
6,96,67,2129,64.77.246.98,"160,164",correct,2022-10-26 16:40:13
34,19,12,2130,163.116.147.32,Zarlink ZL70101,correct,2022-10-26 16:40:23
25,60,39,2132,64.77.246.98,6,correct,2022-10-26 16:41:51
40,60,39,2135,64.77.246.98,41610-02,correct,2022-10-26 16:42:07
57,95,66,2136,64.77.246.98,164.312,correct,2022-10-26 16:42:55
24,95,66,2144,64.77.246.98,WE ARE ALL PATIENTS,correct,2022-10-26 16:44:04
27,60,39,2158,64.77.246.98,0x01700000,correct,2022-10-26 16:47:41
25,95,66,2161,64.77.246.98,6.00,correct,2022-10-26 16:48:26
40,95,66,2163,64.77.246.98,41610-02,correct,2022-10-26 16:50:31
25,90,26,2171,64.77.246.98,6,correct,2022-10-26 16:52:36
26,95,66,2172,64.77.246.98,II,correct,2022-10-26 16:52:47
40,90,26,2173,64.77.246.98,41610-02,correct,2022-10-26 16:53:09
31,19,12,2177,163.116.147.32,+46-8-474-4756,correct,2022-10-26 16:53:56
28,95,66,2179,64.77.246.98,ICSMA-17-009-01A,correct,2022-10-26 16:56:32
57,87,61,2182,137.190.250.225,164.312,correct,2022-10-26 16:58:04
29,95,66,2184,64.77.246.98,CVE-2017-5149,correct,2022-10-26 16:58:19
30,95,66,2189,64.77.246.98,6.8,correct,2022-10-26 17:00:20
19,96,67,2190,64.77.246.98,164.502b,correct,2022-10-26 17:00:37
21,96,67,2192,64.77.246.98,True,correct,2022-10-26 17:01:50
20,96,67,2204,64.77.246.98,Zip code,correct,2022-10-26 17:05:13
11,44,28,2206,64.77.246.98,13402(e)(4),correct,2022-10-26 17:05:59
6,99,69,2207,172.58.77.222,"160,164",correct,2022-10-26 17:06:38
57,96,67,2213,64.77.246.98,164.312(b),correct,2022-10-26 17:08:53
8,60,39,2221,64.77.246.98,Florida Healthy Kids Corporation,correct,2022-10-26 17:09:48
8,44,28,2224,64.77.246.98,Florida Healthy Kids Corporation,correct,2022-10-26 17:09:56
7,60,39,2229,64.77.246.98,358,correct,2022-10-26 17:11:06
21,99,69,2231,172.58.72.176,True,correct,2022-10-26 17:12:03
7,44,28,2234,64.77.246.98,357,correct,2022-10-26 17:12:43
9,60,39,2236,64.77.246.98,1290670,correct,2022-10-26 17:13:37
9,44,28,2239,64.77.246.98,2000000,correct,2022-10-26 17:13:53
20,99,69,2242,172.58.72.176,zip code,correct,2022-10-26 17:13:58
26,90,26,2243,64.77.246.98,2,correct,2022-10-26 17:14:23
57,99,69,2246,172.58.72.176,164.312,correct,2022-10-26 17:14:53
10,44,28,2247,64.77.246.98,"Anthem Inc.,78800000",correct,2022-10-26 17:15:00
28,90,26,2255,64.77.246.98,ICSMA-17-009-01A,correct,2022-10-26 17:16:00
19,99,69,2256,172.58.72.176,164.502(b),correct,2022-10-26 17:16:01
10,60,39,2265,64.77.246.98,"Anthem,78,800,000",correct,2022-10-26 17:18:27
29,90,26,2266,64.77.246.98,CVE-2017-5149,correct,2022-10-26 17:18:48
30,90,26,2270,64.77.246.98,6.8,correct,2022-10-26 17:19:38
24,99,69,2272,172.58.77.222,WE ARE ALL PATIENTS,correct,2022-10-26 17:20:44
8,87,61,2273,137.190.250.225,Florida Healthy Kids Corporation,correct,2022-10-26 17:20:47
6,101,70,2274,64.77.246.98,"160,164",correct,2022-10-26 17:20:50
7,87,61,2279,137.190.250.225,358,correct,2022-10-26 17:21:57
9,87,61,2284,137.190.250.225,1290670,correct,2022-10-26 17:22:49
57,17,10,2287,64.77.246.98,164.312(b),correct,2022-10-26 17:24:19
21,101,70,2290,64.77.246.98,True,correct,2022-10-26 17:24:29
31,17,10,2303,64.77.246.98,+46-8-474-4756,correct,2022-10-26 17:27:50
10,87,61,2304,137.190.250.225,"Anthem,78800000",correct,2022-10-26 17:28:02
20,101,70,2311,64.77.246.98,geocode,correct,2022-10-26 17:29:34
10,17,10,2312,64.77.246.98,"Anthem,78800000",correct,2022-10-26 17:30:18
19,91,64,2321,64.77.246.98,164.502(b),correct,2022-10-26 17:32:03
44,17,10,2324,64.77.246.98,30,correct,2022-10-26 17:33:55
31,95,66,2325,64.77.246.98,+46-8-474-4756,correct,2022-10-26 17:34:27
19,101,70,2329,64.77.246.98,164.502(b),correct,2022-10-26 17:35:52
24,86,60,2336,172.58.73.122,WE ARE ALL PATIENTS,correct,2022-10-26 17:39:29
31,90,26,2348,64.77.246.98,+46-8-474-4756,correct,2022-10-26 17:40:09
33,90,26,2350,64.77.246.98,07/08/2020,correct,2022-10-26 17:41:03
6,104,73,2355,174.230.194.74,"160,164",correct,2022-10-26 17:43:10
43,17,10,2356,64.77.246.98,"1.4, 2.4",correct,2022-10-26 17:43:26
6,106,75,2362,64.77.246.98,"160,164",correct,2022-10-26 17:44:14
19,104,73,2364,174.230.194.74,164.502(b),correct,2022-10-26 17:44:33
21,104,73,2366,174.230.194.74,True,correct,2022-10-26 17:44:49
19,106,75,2368,64.77.246.98,164.502b,correct,2022-10-26 17:45:10
20,91,64,2369,64.77.246.98,zip code,correct,2022-10-26 17:45:14
21,106,75,2370,64.77.246.98,True,correct,2022-10-26 17:45:25
25,86,60,2371,172.58.73.122,6.00,correct,2022-10-26 17:45:35
40,86,60,2372,172.58.73.122,41610-02,correct,2022-10-26 17:46:07
34,90,26,2376,64.77.246.98,Zarlink ZL70101,correct,2022-10-26 17:46:58
20,104,73,2377,174.230.194.74,Zip,correct,2022-10-26 17:47:04
17,105,74,2378,64.77.246.98,Class 3,correct,2022-10-26 17:47:08
20,106,75,2380,64.77.246.98,zip code,correct,2022-10-26 17:48:21
57,104,73,2382,174.230.194.74,164.312,correct,2022-10-26 17:48:43
49,17,10,2388,172.58.43.37,"MX100, MX400",correct,2022-10-26 17:49:54
26,86,60,2401,172.58.73.122,2,correct,2022-10-26 17:51:28
57,106,75,2403,64.77.246.98,164.312(b),correct,2022-10-26 17:52:09
12,44,28,2405,64.77.246.98,35085558,correct,2022-10-26 17:52:41
35,90,26,2406,64.77.246.98,blob version 2.0.5-pre2,correct,2022-10-26 17:52:48
13,44,28,2409,64.77.246.98,FDA,correct,2022-10-26 17:54:19
28,86,60,2411,172.58.79.235,ICSMA-17-009-01A,correct,2022-10-26 17:56:26
14,44,28,2412,64.77.246.98,False,correct,2022-10-26 17:56:45
29,86,60,2416,172.58.79.235,CVE-2017-5149,correct,2022-10-26 17:57:28
30,86,60,2421,172.58.79.235,6.8,correct,2022-10-26 17:58:16
15,44,28,2422,64.77.246.98,"I,II,III",correct,2022-10-26 17:58:26
42,17,10,2423,172.58.46.192,9,correct,2022-10-26 17:59:12
37,90,26,2424,64.77.246.98,vcc,correct,2022-10-26 18:00:17
16,44,28,2431,64.77.246.98,CVE-2019-12255,correct,2022-10-26 18:04:11
17,44,28,2433,64.77.246.98,III,correct,2022-10-26 18:05:04
18,44,28,2434,64.77.246.98,510k,correct,2022-10-26 18:05:21
27,90,26,2435,64.77.246.98,0x01700000,correct,2022-10-26 18:06:20
6,100,77,2439,64.77.246.98,"160,164",correct,2022-10-26 18:08:51
46,17,10,2448,64.77.246.98,5,correct,2022-10-26 18:11:35
19,100,77,2450,64.77.246.98,164.502(b),correct,2022-10-26 18:12:08
58,17,10,2451,64.77.246.98,CVE-2020-16228,correct,2022-10-26 18:12:54
23,44,28,2452,64.77.246.98,Naval Hospital Naples,correct,2022-10-26 18:13:05
21,100,77,2453,64.77.246.98,True,correct,2022-10-26 18:13:20
60,17,10,2458,64.77.246.98,MOC-9,correct,2022-10-26 18:15:33
20,100,77,2463,64.77.246.98,Zip code,correct,2022-10-26 18:16:24
55,17,10,2465,64.77.246.98,b.06.18,correct,2022-10-26 18:17:16
40,20,13,2471,64.77.246.98,41610-02,correct,2022-10-26 18:24:34
10,20,13,2472,64.77.246.98,"Anthem,78800000",correct,2022-10-26 18:27:50
36,90,26,2480,64.77.246.98,lattelecom,correct,2022-10-26 18:31:39
56,17,10,2482,64.77.246.98,IntelliView,correct,2022-10-26 18:34:22
52,20,13,2483,64.77.246.98,5 mhom,correct,2022-10-26 18:34:33
7,20,13,2485,64.77.246.98,358,correct,2022-10-26 18:37:15
12,20,13,2488,64.77.246.98,35085558,correct,2022-10-26 18:38:48
52,17,10,2496,64.77.246.98,5 mhom,correct,2022-10-26 18:40:45
62,20,13,2497,64.77.246.98,Operation,correct,2022-10-26 18:40:59
21,91,64,2504,174.247.149.109,True,correct,2022-10-26 18:44:39
61,20,13,2512,64.77.246.98,Alivecor,correct,2022-10-26 18:48:39
39,20,13,2521,64.77.246.98,Demo,correct,2022-10-26 18:51:29
50,20,13,2522,64.77.246.98,PL43106603,correct,2022-10-26 18:52:29
42,20,13,2526,64.77.246.98,9,correct,2022-10-26 18:54:36
6,111,80,2527,209.107.184.99,"160,164",correct,2022-10-26 18:55:04
40,14,7,2530,64.77.246.98,41610-02,correct,2022-10-26 18:55:51
6,113,81,2542,104.28.48.219,"160,164",correct,2022-10-26 18:56:45
21,112,80,2543,172.58.77.75,True,correct,2022-10-26 18:57:10
19,113,81,2552,104.28.50.167,164.502b,correct,2022-10-26 19:00:11
21,113,81,2553,104.28.48.219,True,correct,2022-10-26 19:01:40
57,91,64,2555,64.77.246.98,164.312(b),correct,2022-10-26 19:02:58
24,91,64,2557,64.77.246.98,WE ARE ALL PATIENTS,correct,2022-10-26 19:03:20
45,14,7,2561,64.77.246.98,Skin temperature,correct,2022-10-26 19:05:05
57,112,80,2576,172.58.73.113,164.312(b),correct,2022-10-26 19:08:35
11,114,33,2578,64.77.246.98,13402(e)(4),correct,2022-10-26 19:08:44
20,113,81,2581,104.28.48.216,Zip code,correct,2022-10-26 19:09:30
47,14,7,2583,64.77.246.98,SpO2,correct,2022-10-26 19:09:54
8,114,33,2584,64.77.246.98,Florida Healthy Kids Corporation,correct,2022-10-26 19:09:55
19,111,80,2585,209.107.184.99,164.502(b),correct,2022-10-26 19:09:59
57,113,81,2588,104.28.48.213,164.312,correct,2022-10-26 19:11:54
24,113,81,2589,104.28.48.213,WE ARE ALL PATIENTS,correct,2022-10-26 19:12:27
20,112,80,2595,172.58.73.113,Zip,correct,2022-10-26 19:13:51
7,114,33,2600,64.77.246.98,358,correct,2022-10-26 19:14:43
9,114,33,2602,64.77.246.98,1290670,correct,2022-10-26 19:15:45
38,90,26,2604,64.77.246.98,MERLIN@STCONHOSPITAL,correct,2022-10-26 19:16:30
46,14,7,2605,64.77.246.98,5,correct,2022-10-26 19:16:44
25,44,28,2607,64.77.246.98,6.00,correct,2022-10-26 19:17:18
26,44,28,2608,64.77.246.98,II,correct,2022-10-26 19:18:35
28,44,28,2609,64.77.246.98,ICSMA-17-009-01A,correct,2022-10-26 19:19:40
48,14,7,2610,64.77.246.98,II,correct,2022-10-26 19:19:41
10,51,33,2611,174.204.2.214,"Anthem,78800000",correct,2022-10-26 19:19:49
51,14,7,2614,64.77.246.98,Improper Input Validation,correct,2022-10-26 19:21:08
29,44,28,2615,64.77.246.98,CVE-2017-5149,correct,2022-10-26 19:21:25
13,51,33,2616,174.204.2.214,FDA,correct,2022-10-26 19:21:27
53,14,7,2617,64.77.246.98,Manny,correct,2022-10-26 19:21:30
30,44,28,2619,64.77.246.98,6.8,correct,2022-10-26 19:22:18
11,90,26,2625,64.77.246.98,13402(e)(4),correct,2022-10-26 19:24:00
55,14,7,2626,64.77.246.98,B.06.18,correct,2022-10-26 19:24:26
15,51,33,2633,174.204.2.214,"1,2,3",correct,2022-10-26 19:25:46
16,51,33,2634,174.204.2.214,CVE-2019-12255,correct,2022-10-26 19:26:59
12,114,33,2635,64.77.246.98,35085558,correct,2022-10-26 19:27:19
31,44,28,2636,64.77.246.98,+46-8-474-4756,correct,2022-10-26 19:27:23
33,44,28,2638,64.77.246.98,07/08/2020,correct,2022-10-26 19:28:10
17,51,33,2640,174.204.2.214,3,correct,2022-10-26 19:28:34
18,51,33,2642,174.204.2.214,510k,correct,2022-10-26 19:29:20
34,44,28,2644,64.77.246.98,Zarlink ZL70101,correct,2022-10-26 19:30:14
6,119,86,2647,174.204.0.124,"160,164",correct,2022-10-26 19:31:40
19,119,86,2654,174.204.0.124,164.502(b),correct,2022-10-26 19:33:25
21,119,86,2655,174.204.0.124,True,correct,2022-10-26 19:34:08
11,95,66,2661,64.77.246.98,13402(e)(4),correct,2022-10-26 19:35:41
20,119,86,2665,174.204.0.124,Zip code,correct,2022-10-26 19:36:29
59,14,7,2668,64.77.246.98,Iris,correct,2022-10-26 19:39:05
33,86,60,2673,172.58.77.67,07/08/2020,correct,2022-10-26 19:40:15
61,14,7,2674,64.77.246.98,AliveCor,correct,2022-10-26 19:40:26
62,14,7,2676,64.77.246.98,Operation,correct,2022-10-26 19:41:30
50,14,7,2680,64.77.246.98,PL43106603,correct,2022-10-26 19:42:20
12,87,61,2688,137.190.250.225,35085558,correct,2022-10-26 19:43:19
58,14,7,2697,64.77.246.98,CVE-2020-16228,correct,2022-10-26 19:46:34
60,14,7,2699,64.77.246.98,MOC-9,correct,2022-10-26 19:47:10
6,122,88,2700,172.58.73.163,"160,164",correct,2022-10-26 19:47:24
41,14,7,2712,64.77.246.98,"40,100,400",correct,2022-10-26 19:50:24
42,14,7,2715,64.77.246.98,9,correct,2022-10-26 19:51:54
12,60,39,2716,64.77.246.98,35085558,correct,2022-10-26 19:52:09
19,122,88,2718,172.58.73.163,164.502(b),correct,2022-10-26 19:53:01
21,122,88,2721,172.58.73.163,True,correct,2022-10-26 19:55:26
29,39,8,2723,184.170.252.198,CVE-2017-5149,correct,2022-10-26 19:58:11
9,119,86,2724,174.204.0.124,2000000,correct,2022-10-26 19:58:44
20,122,88,2725,172.58.73.163,Zip code,correct,2022-10-26 19:58:46
30,39,8,2731,184.170.252.198,6.8,correct,2022-10-26 19:59:40
6,118,85,2732,174.230.205.100,"160,164",correct,2022-10-26 19:59:46
10,119,86,2733,174.204.0.124,"Anthem,78800000",correct,2022-10-26 20:00:37
13,46,30,2736,149.57.29.152,FDA,correct,2022-10-26 20:02:44
14,46,30,2737,149.57.29.152,False,correct,2022-10-26 20:02:57
15,46,30,2739,149.57.29.152,"I,II,III",correct,2022-10-26 20:04:06
13,119,86,2740,174.204.0.124,Fda,correct,2022-10-26 20:04:42
14,119,86,2744,174.204.0.124,False,correct,2022-10-26 20:04:59
15,119,86,2748,174.204.0.124,"I,II,III",correct,2022-10-26 20:06:03
44,14,7,2750,64.77.246.98,30,correct,2022-10-26 20:06:32
16,46,30,2755,149.57.29.152,CVE-2019-12255,correct,2022-10-26 20:07:28
33,95,66,2756,64.77.246.98,07/08/2020,correct,2022-10-26 20:07:38
17,46,30,2757,149.57.29.152,III,correct,2022-10-26 20:07:41
16,119,86,2758,174.204.0.124,CVE-2019-12255,correct,2022-10-26 20:07:53
6,109,78,2759,89.39.107.191,"160,164",correct,2022-10-26 20:08:08
17,119,86,2761,174.204.0.124,III,correct,2022-10-26 20:08:24
19,118,85,2762,174.230.205.100,164.502(b),correct,2022-10-26 20:08:30
21,118,85,2764,174.230.205.100,True,correct,2022-10-26 20:08:58
18,46,30,2770,149.57.29.152,510k,correct,2022-10-26 20:09:33
57,122,88,2774,172.58.73.163,164.312(b),correct,2022-10-26 20:10:22
39,14,7,2778,64.77.246.98,Demo,correct,2022-10-26 20:10:35
19,85,63,2781,64.77.246.98,164.502(b),correct,2022-10-26 20:10:46
24,122,88,2784,172.58.73.163,WE ARE ALL PATIENTS,correct,2022-10-26 20:11:29
18,119,86,2785,174.204.0.124,510(k),correct,2022-10-26 20:11:40
49,14,7,2788,64.77.246.98,"MX100,MX400",correct,2022-10-26 20:12:01
37,27,25,2792,173.239.197.117,VCC,correct,2022-10-26 20:12:39
21,126,63,2793,64.77.246.98,True,correct,2022-10-26 20:12:56
23,46,30,2796,149.57.29.152,Naval Hospital - Naples,correct,2022-10-26 20:13:18
21,109,78,2797,89.39.107.191,True,correct,2022-10-26 20:13:23
6,124,63,2800,64.77.246.98,"160,164",correct,2022-10-26 20:13:33
20,118,85,2804,174.230.205.100,Zip code,correct,2022-10-26 20:14:01
52,14,7,2805,64.77.246.98,5 meohms,correct,2022-10-26 20:14:07
22,46,30,2811,149.57.29.152,DICOM,correct,2022-10-26 20:15:15
20,127,63,2812,67.199.169.216,zip,correct,2022-10-26 20:15:18
57,126,63,2813,64.77.246.98,164.312(b),correct,2022-10-26 20:15:19
27,27,25,2818,173.239.197.115,0x07FE0000,correct,2022-10-26 20:15:39
25,46,30,2833,149.57.29.152,6,correct,2022-10-26 20:17:56
11,126,63,2835,64.77.246.98,13402(e)(4),correct,2022-10-26 20:18:18
9,127,63,2836,67.199.169.216,1290670,correct,2022-10-26 20:18:20
26,46,30,2837,149.57.29.152,II,correct,2022-10-26 20:18:22
6,125,90,2838,64.77.246.98,"160,164",correct,2022-10-26 20:18:27
57,109,78,2839,89.39.107.191,164.312(b),correct,2022-10-26 20:18:43
24,46,30,2841,149.57.29.152,WE ARE ALL PATIENTS,correct,2022-10-26 20:19:25
43,14,7,2846,64.77.246.98,"1.4,2.4",correct,2022-10-26 20:19:34
8,126,63,2871,64.77.246.98,Florida Healthy Kids Corporation,correct,2022-10-26 20:20:43
10,67,42,2872,64.77.246.98,"Anthem,78800000",correct,2022-10-26 20:21:07
10,127,63,2873,67.199.169.216,"Anthem Inc.,78800000",correct,2022-10-26 20:21:12
53,67,42,2875,64.77.246.98,Manny,correct,2022-10-26 20:21:39
19,109,78,2883,89.39.107.191,164.502(b),correct,2022-10-26 20:22:51
13,85,63,2884,64.77.246.98,FDA,correct,2022-10-26 20:22:55
7,126,63,2888,64.77.246.98,358,correct,2022-10-26 20:23:29
50,67,42,2891,64.77.246.98,PL43106603,correct,2022-10-26 20:24:20
17,127,63,2897,67.199.169.216,3,correct,2022-10-26 20:25:14
37,82,58,2898,64.77.246.98,VCC,correct,2022-10-26 20:25:20
13,111,80,2899,172.102.8.10,FDA,correct,2022-10-26 20:25:26
14,111,80,2906,172.102.8.10,False,correct,2022-10-26 20:25:54
18,127,63,2915,67.199.169.216,510k,correct,2022-10-26 20:26:44
15,127,63,2919,67.199.169.216,"1,2,3",correct,2022-10-26 20:27:49
47,67,42,2921,64.77.246.98,SPO2,correct,2022-10-26 20:28:06
56,119,86,2922,174.204.0.124,IntelliView,correct,2022-10-26 20:28:33
19,125,90,2923,64.77.246.98,164.502(b),correct,2022-10-26 20:28:48
20,109,78,2924,89.39.107.191,Geo code,correct,2022-10-26 20:28:49
11,111,80,2925,172.102.8.10,13402(e)(4),correct,2022-10-26 20:29:01
39,67,42,2926,64.77.246.98,Demo,correct,2022-10-26 20:29:03
16,127,63,2927,67.199.169.216,CVE-2019-12255,correct,2022-10-26 20:29:07
21,125,90,2932,64.77.246.98,True,correct,2022-10-26 20:29:43
8,111,80,2933,172.102.8.10,Florida Healthy Kids Corporation,correct,2022-10-26 20:30:07
20,125,90,2936,64.77.246.98,Zip code,correct,2022-10-26 20:30:59
22,127,63,2939,67.199.169.216,DICOM,correct,2022-10-26 20:31:23
7,111,80,2942,172.102.8.10,358,correct,2022-10-26 20:32:01
13,60,39,2944,64.77.246.98,FDA,correct,2022-10-26 20:32:06
61,67,42,2945,64.77.246.98,Alivecor,correct,2022-10-26 20:32:09
33,14,7,2946,64.77.246.98,07/08/2020,correct,2022-10-26 20:32:29
62,67,42,2947,64.77.246.98,Operation,correct,2022-10-26 20:32:33
9,111,80,2950,172.102.8.10,1290670,correct,2022-10-26 20:32:57
57,125,90,2957,64.77.246.98,164.312(b),correct,2022-10-26 20:34:07
14,127,63,2958,67.199.169.216,False,correct,2022-10-26 20:34:17
43,119,86,2961,174.204.0.124,"1.4,2.4",correct,2022-10-26 20:34:45
24,124,63,2967,64.77.246.98,WE ARE ALL PATIENTS,correct,2022-10-26 20:36:15
52,119,86,2971,174.204.0.124,5 meohms,correct,2022-10-26 20:36:40
34,82,58,2986,64.77.246.98,Zarlink ZL70101,correct,2022-10-26 20:38:27
44,119,86,2992,174.204.0.124,30,correct,2022-10-26 20:39:35
6,128,91,3006,64.77.246.98,"160,164",correct,2022-10-26 20:40:22
15,111,80,3008,172.102.8.10,"Class 1,Class 2,Class 3",correct,2022-10-26 20:41:15
33,127,63,3010,67.199.169.216,07/08/2020,correct,2022-10-26 20:41:26
60,119,86,3011,174.204.0.124,Moc-9,correct,2022-10-26 20:41:39
36,86,60,3019,172.58.77.174,Lattelecom,correct,2022-10-26 20:42:49
6,129,92,3038,212.102.44.167,"160,164",correct,2022-10-26 20:43:39
11,125,90,3040,64.77.246.98,13402(E)(4),correct,2022-10-26 20:43:55
58,119,86,3044,174.204.0.124,CVE-2020-16228,correct,2022-10-26 20:44:27
19,128,91,3047,64.77.246.98,164.502(b),correct,2022-10-26 20:44:40
16,111,80,3048,172.102.8.10,CVE-2019-12255,correct,2022-10-26 20:44:43
19,129,92,3049,212.102.44.167,164.502(b),correct,2022-10-26 20:45:09
21,129,92,3051,212.102.44.167,True,correct,2022-10-26 20:45:36
17,111,80,3052,172.102.8.10,Class 3,correct,2022-10-26 20:45:38
21,128,91,3055,64.77.246.98,True,correct,2022-10-26 20:45:59
55,119,86,3060,174.204.0.124,B.06.18,correct,2022-10-26 20:46:51
18,111,80,3063,172.102.8.10,510(k),correct,2022-10-26 20:47:29
20,128,91,3075,64.77.246.98,Zip,correct,2022-10-26 20:48:16
29,127,63,3082,67.199.169.216,CVE-2017-5149,correct,2022-10-26 20:49:16
26,127,63,3083,67.199.169.216,2,correct,2022-10-26 20:49:37
20,129,92,3084,212.102.44.167,Zip code,correct,2022-10-26 20:49:43
57,118,85,3090,174.230.205.100,164.312,correct,2022-10-26 20:49:59
28,127,63,3094,67.199.169.216,ICSMA-17-009-01A,correct,2022-10-26 20:50:28
51,119,86,3111,174.204.0.124,Improper input validation,correct,2022-10-26 20:51:23
57,129,92,3112,212.102.44.167,164.312,correct,2022-10-26 20:51:26
48,119,86,3119,174.204.0.124,II,correct,2022-10-26 20:51:44
21,58,37,3133,64.77.246.98,True,correct,2022-10-26 20:52:14
34,14,7,3137,64.77.246.98,Zarlink ZL70101,correct,2022-10-26 20:52:33
30,127,63,3138,67.199.169.216,6.8,correct,2022-10-26 20:52:40
57,128,91,3139,64.77.246.98,164.312,correct,2022-10-26 20:52:53
47,119,86,3145,174.204.0.124,SpO2,correct,2022-10-26 20:53:22
37,95,66,3160,64.77.246.98,vcc,correct,2022-10-26 20:54:40
12,85,63,3161,64.77.246.98,"35,085,558",correct,2022-10-26 20:54:40
23,85,63,3174,64.77.246.98,Naval Hospital - Naples,correct,2022-10-26 20:56:45
34,85,63,3199,64.77.246.98,Zarlink ZL70101,correct,2022-10-26 21:00:29
34,86,60,3200,172.58.77.174,Zarlink ZL70101,correct,2022-10-26 21:00:44
45,119,86,3207,174.204.0.124,Skin Temperature,correct,2022-10-26 21:01:33
8,129,92,3216,212.102.44.167,Florida Healthy Kids Corporation,correct,2022-10-26 21:02:58
53,74,49,3217,154.21.208.236,Manny,correct,2022-10-26 21:03:59
36,127,63,3226,67.199.169.216,LATTELECOM,correct,2022-10-26 21:05:33
31,82,58,3260,64.77.246.98,+46-8-474-4756,correct,2022-10-26 21:09:08
61,90,26,3269,64.77.246.98,AliveCor,correct,2022-10-26 21:10:51
35,85,63,3272,64.77.246.98,blob version 2.0.5-pre2,correct,2022-10-26 21:11:28
33,119,86,3273,174.204.0.124,07/08/2020,correct,2022-10-26 21:12:04
10,129,92,3289,212.102.44.167,"Anthem,78800000",correct,2022-10-26 21:13:50
6,132,93,3301,149.57.29.174,"160,164",correct,2022-10-26 21:15:55
61,74,49,3306,154.21.208.236,AliveCor,correct,2022-10-26 21:16:50
37,74,49,3310,154.21.208.236,VCC,correct,2022-10-26 21:17:40
26,74,49,3322,154.21.208.236,2,correct,2022-10-26 21:19:20
57,133,93,3328,172.58.79.233,164.312,correct,2022-10-26 21:19:42
6,115,82,3332,64.77.246.98,"160,164",correct,2022-10-26 21:20:07
20,133,93,3348,172.58.79.233,Zip code,correct,2022-10-26 21:24:22
26,14,7,3349,64.77.246.98,II,correct,2022-10-26 21:24:33
19,115,82,3351,64.77.246.98,164.502b,correct,2022-10-26 21:26:01
29,119,86,3352,174.204.0.124,CVE-2017-5149,correct,2022-10-26 21:26:05
21,133,93,3353,172.58.79.233,True,correct,2022-10-26 21:26:45
26,119,86,3356,174.204.0.124,II,correct,2022-10-26 21:27:41
24,119,86,3362,174.204.0.124,We are all patients,correct,2022-10-26 21:28:37
8,125,90,3370,64.77.246.98,Florida Healthy Kids Corporation,correct,2022-10-26 21:31:29
24,49,32,3371,64.77.246.98,WE ARE ALL PATIENTS,correct,2022-10-26 21:32:00
57,115,82,3383,64.77.246.98,164.312,correct,2022-10-26 21:35:54
16,60,39,3384,64.77.246.98,CVE-2019-12255,correct,2022-10-26 21:37:42
7,125,90,3387,64.77.246.98,358,correct,2022-10-26 21:38:17
20,115,82,3390,64.77.246.98,Zip,correct,2022-10-26 21:40:48
8,90,26,3391,64.77.246.98,Florida Healthy Kids Corporation,correct,2022-10-26 21:40:59
7,90,26,3392,64.77.246.98,358,correct,2022-10-26 21:41:32
9,90,26,3394,64.77.246.98,1290670,correct,2022-10-26 21:42:20
31,39,8,3403,172.98.87.221,+46-8-474-4756,correct,2022-10-26 21:44:21
21,115,82,3406,64.77.246.98,True,correct,2022-10-26 21:44:25
37,86,60,3409,172.58.72.154,VCC,correct,2022-10-26 21:46:04
12,125,90,3412,64.77.246.98,35085558,correct,2022-10-26 21:47:40
24,115,82,3413,64.77.246.98,WE ARE ALL PATIENTS,correct,2022-10-26 21:49:02
12,90,26,3416,64.77.246.98,35085558,correct,2022-10-26 21:50:47
56,125,90,3419,64.77.246.98,IntelliView,correct,2022-10-26 21:51:33
7,14,7,3420,64.77.246.98,357,correct,2022-10-26 21:51:37
10,90,26,3426,64.77.246.98,"Anthem Inc.,78800000",correct,2022-10-26 21:53:12
24,125,90,3431,64.77.246.98,WE ARE ALL PATIENTS,correct,2022-10-26 21:54:04
9,125,90,3441,64.77.246.98,1290670,correct,2022-10-26 21:58:27
36,14,7,3445,64.77.246.98,Lattelecom,correct,2022-10-26 21:59:21
6,137,97,3458,174.230.200.100,"160,164",correct,2022-10-26 22:02:08
37,39,8,3477,172.98.87.221,vcc,correct,2022-10-26 22:07:45
19,137,97,3485,174.230.200.100,164.502(b),correct,2022-10-26 22:09:04
18,60,39,3489,64.77.246.98,510(k),correct,2022-10-26 22:11:15
17,60,39,3500,64.77.246.98,class 3,correct,2022-10-26 22:12:23
15,60,39,3502,64.77.246.98,"class 1,class 2,class 3",correct,2022-10-26 22:12:40
19,138,98,3512,64.77.246.98,164.502(b),correct,2022-10-26 22:16:54
21,138,98,3513,64.77.246.98,True,correct,2022-10-26 22:17:12
6,136,96,3517,15.181.16.147,"160,164",correct,2022-10-26 22:18:45
39,140,98,3518,64.77.246.98,Demo,correct,2022-10-26 22:18:58
20,138,98,3519,64.77.246.98,zip code,correct,2022-10-26 22:19:02
25,126,63,3520,64.77.246.98,6.00,correct,2022-10-26 22:19:03
40,126,63,3525,64.77.246.98,41610-02,correct,2022-10-26 22:20:03
19,133,93,3527,172.58.44.237,164.514(d),correct,2022-10-26 22:21:07
27,126,63,3534,64.77.246.98,0x01700000,correct,2022-10-26 22:24:01
61,126,63,3538,64.77.246.98,AliveCor,correct,2022-10-26 22:25:35
35,39,8,3539,172.98.87.221,blob version 2.0.5-pre2,correct,2022-10-26 22:26:00
62,126,63,3540,64.77.246.98,operation,correct,2022-10-26 22:26:31
53,126,63,3542,64.77.246.98,manny,correct,2022-10-26 22:29:14
62,90,26,3543,64.77.246.98,Operation,correct,2022-10-26 22:29:16
39,126,63,3544,64.77.246.98,demo,correct,2022-10-26 22:30:22
19,136,96,3554,15.181.16.147,164.514(d),correct,2022-10-26 22:34:59
23,90,26,3555,64.77.246.98,Naval Hospital - Naples,correct,2022-10-26 22:35:23
47,126,63,3556,64.77.246.98,SpO2,correct,2022-10-26 22:36:04
22,90,26,3557,64.77.246.98,dicom,correct,2022-10-26 22:36:22
13,90,26,3559,64.77.246.98,FDA,correct,2022-10-26 22:37:35
50,126,63,3560,64.77.246.98,PL43106603,correct,2022-10-26 22:38:10
14,90,26,3562,64.77.246.98,False,correct,2022-10-26 22:39:02
15,90,26,3563,64.77.246.98,"1,2,3",correct,2022-10-26 22:39:19
41,126,63,3564,64.77.246.98,"40,100,400",correct,2022-10-26 22:40:35
42,126,63,3566,64.77.246.98,9,correct,2022-10-26 22:41:53
21,136,96,3568,15.181.16.147,True,correct,2022-10-26 22:42:06
37,14,7,3569,64.77.246.98,VCC,correct,2022-10-26 22:42:14
43,85,63,3570,64.77.246.98,"1.4,2.4",correct,2022-10-26 22:43:41
16,90,26,3573,64.77.246.98,CVE-2019-12255,correct,2022-10-26 22:46:30
20,136,96,3574,15.181.16.147,zip code,correct,2022-10-26 22:46:40
17,90,26,3575,64.77.246.98,3,correct,2022-10-26 22:47:32
30,119,86,3576,174.204.0.124,6.8,correct,2022-10-26 22:49:24
18,90,26,3580,64.77.246.98,510k,correct,2022-10-26 22:51:08
53,119,86,3585,174.204.0.124,Manny,correct,2022-10-26 22:54:18
25,119,86,3586,174.204.0.124,6.00,correct,2022-10-26 22:55:20
40,119,86,3587,174.204.0.124,41610-02,correct,2022-10-26 22:55:55
57,136,96,3588,15.181.16.147,164.312,correct,2022-10-26 22:56:48
28,119,86,3589,174.204.0.124,ICSMA-17-009-01A,correct,2022-10-26 22:57:04
45,85,63,3590,64.77.246.98,skin temperature,correct,2022-10-26 22:58:19
49,127,63,3592,67.199.169.216,"MX100,MX400",correct,2022-10-26 22:58:38
46,119,86,3594,174.204.0.124,5,correct,2022-10-26 22:58:46
46,85,63,3597,64.77.246.98,5,correct,2022-10-26 22:58:59
24,136,96,3599,15.181.16.147,WE ARE ALL PATIENTS,correct,2022-10-26 22:59:09
62,119,86,3601,174.204.0.124,Operation,correct,2022-10-26 22:59:23
58,127,63,3604,67.199.169.216,CVE-2020-16228,correct,2022-10-26 22:59:57
61,119,86,3606,174.204.0.124,Alivecor,correct,2022-10-26 23:00:16
51,85,63,3609,64.77.246.98,Improper Input Validation,correct,2022-10-26 23:01:38
42,119,86,3610,174.204.0.124,9,correct,2022-10-26 23:01:40
55,85,63,3611,64.77.246.98,B.06.18,correct,2022-10-26 23:02:28
31,27,25,3613,191.96.206.25,+46-8-474-4756,correct,2022-10-26 23:03:17
56,126,63,3615,64.77.246.98,IntelliView,correct,2022-10-26 23:04:00
44,85,63,3616,64.77.246.98,30,correct,2022-10-26 23:04:00
34,27,25,3621,191.96.206.25,Zarlink ZL70101,correct,2022-10-26 23:04:47
38,27,25,3626,191.96.206.25,MERLIN@STCONHOSPITAL,correct,2022-10-26 23:05:11
48,127,63,3632,67.199.169.216,2,correct,2022-10-26 23:06:14
59,127,63,3634,67.199.169.216,Iris,correct,2022-10-26 23:06:55
52,85,63,3635,64.77.246.98,> 5 meohms (@ 10 Hz,correct,2022-10-26 23:07:41
60,127,63,3636,67.199.169.216,MOC-9,correct,2022-10-26 23:11:33
37,127,63,3653,67.199.169.216,VCC,correct,2022-10-26 23:16:07
31,85,63,3671,64.77.246.98,+46-8-474-4756,correct,2022-10-26 23:21:04
21,144,100,3672,205.122.95.26,True,correct,2022-10-26 23:23:57
8,95,66,3673,23.228.168.4,Florida Healthy Kids Corporation,correct,2022-10-26 23:24:46
7,95,66,3674,23.228.168.4,358,correct,2022-10-26 23:26:36
9,95,66,3675,23.228.168.4,1290670,correct,2022-10-26 23:27:46
38,124,63,3676,64.77.246.98,MERLIN@STCONHOSPITAL,correct,2022-10-26 23:28:18
20,144,100,3677,205.122.95.26,zipcode,correct,2022-10-26 23:28:19
6,144,100,3682,205.122.95.26,"160,164",correct,2022-10-26 23:30:49
19,144,100,3686,205.122.95.26,164.502(b),correct,2022-10-26 23:32:24
12,95,66,3687,23.228.168.4,35085558,correct,2022-10-26 23:35:55
13,95,66,3689,23.228.168.4,FDA,correct,2022-10-26 23:37:18
14,95,66,3690,23.228.168.4,False,correct,2022-10-26 23:37:30
15,95,66,3702,23.228.168.4,"Class 1, Class 2, Class 3",correct,2022-10-26 23:43:22
16,95,66,3703,23.228.168.4,CVE-2019-12255,correct,2022-10-26 23:43:57
17,95,66,3704,23.228.168.4,Class 3,correct,2022-10-26 23:44:26
18,95,66,3705,23.228.168.4,510(k),correct,2022-10-26 23:44:56
52,95,66,3715,216.51.39.71,5 meohms,correct,2022-10-26 23:50:42
43,95,66,3717,23.228.168.4,"1.4, 2.4",correct,2022-10-26 23:52:47
6,77,54,3724,107.122.173.84,"160,164",correct,2022-10-27 01:48:08
20,77,54,3731,107.122.173.84,zip code,correct,2022-10-27 01:54:03
57,77,54,3732,107.122.173.84,164.312,correct,2022-10-27 01:54:53
19,77,54,3742,107.122.173.84,164.502(b),correct,2022-10-27 02:08:09
24,77,54,3743,107.122.173.84,WE ARE ALL PATIENTS,correct,2022-10-27 02:08:25
44,95,66,3753,136.36.37.122,30,correct,2022-10-27 02:17:46
31,14,7,3765,172.58.44.253,+46-8-474-4756,correct,2022-10-27 02:28:05
23,95,66,3770,136.36.37.122,Naval Hospital - Naples,correct,2022-10-27 02:32:33
22,95,66,3771,136.36.37.122,dicom,correct,2022-10-27 02:33:34
10,95,66,3776,136.36.37.122,"Anthem Inc.,78800000",correct,2022-10-27 02:36:03
56,14,7,3779,172.58.44.253,Intelliview,correct,2022-10-27 02:37:02
9,14,7,3790,172.58.44.253,2000000,correct,2022-10-27 02:38:57
45,95,66,3792,136.36.37.122,skin temperature,correct,2022-10-27 02:40:54
46,95,66,3801,136.36.37.122,5,correct,2022-10-27 02:46:37
6,147,47,3804,107.122.173.30,"160,164",correct,2022-10-27 02:54:44
47,95,66,3822,136.36.37.122,SpO2,correct,2022-10-27 02:59:11
19,147,47,3823,107.122.173.30,164.502(b),correct,2022-10-27 02:59:38
21,147,47,3826,107.122.173.30,True,correct,2022-10-27 03:00:25
48,95,66,3833,136.36.37.122,II,correct,2022-10-27 03:02:08
20,147,47,3834,107.122.173.30,zip code,correct,2022-10-27 03:02:29
51,95,66,3838,136.36.37.122,Improper Input Validation,correct,2022-10-27 03:03:24
55,95,66,3840,136.36.37.122,B.06.18,correct,2022-10-27 03:04:11
59,95,66,3844,136.36.37.122,Iris,correct,2022-10-27 03:07:14
58,95,66,3848,136.36.37.122,CVE-2020-16228,correct,2022-10-27 03:09:08
60,95,66,3849,136.36.37.122,MOC-9,correct,2022-10-27 03:09:23
34,95,66,3854,136.36.37.122,Zarlink ZL70101,correct,2022-10-27 03:12:13
35,95,66,3855,136.36.37.122,blob version 2.0.5-pre2,correct,2022-10-27 03:14:11
31,147,47,3867,107.122.173.30,+46-8-474-4756,correct,2022-10-27 03:21:56
11,136,96,3868,15.181.16.71,13402(e)(4),correct,2022-10-27 03:22:03
8,136,96,3873,15.181.16.71,Florida Healthy Kids Corporation,correct,2022-10-27 03:25:34
36,95,66,3882,136.36.37.122,lattelecom,correct,2022-10-27 03:30:59
42,95,66,3924,136.36.37.122,9,correct,2022-10-27 03:41:22
25,33,17,3925,136.36.15.222,6,correct,2022-10-27 03:47:55
37,33,17,3926,136.36.15.222,VCC,correct,2022-10-27 03:49:08
26,33,17,3927,136.36.15.222,2,correct,2022-10-27 03:49:38
28,33,17,3928,136.36.15.222,ICSMA-17-009-01A,correct,2022-10-27 03:50:04
29,33,17,3929,136.36.15.222,CVE-2017-5149,correct,2022-10-27 03:50:26
30,33,17,3931,136.36.15.222,6.8,correct,2022-10-27 03:50:51
33,33,17,3932,136.36.15.222,07/08/2020,correct,2022-10-27 03:51:16
61,148,47,3938,38.141.48.178,AliveCor,correct,2022-10-27 03:53:21
56,95,66,3971,136.36.37.122,IntelliView,correct,2022-10-27 04:02:17
31,33,17,3976,136.36.15.222,+46-8-474-4756,correct,2022-10-27 04:05:39
6,149,76,3988,73.52.148.203,"160,164",correct,2022-10-27 04:21:23
21,149,76,3992,73.52.148.203,True,correct,2022-10-27 04:28:23
19,149,76,3995,73.52.148.203,164.502(b),correct,2022-10-27 04:36:28
20,149,76,3999,73.52.148.203,zip code,correct,2022-10-27 04:38:26
24,149,76,4000,73.52.148.203,WE ARE ALL PATIENTS,correct,2022-10-27 04:38:50
36,78,55,4003,174.230.200.101,lattelecom,correct,2022-10-27 04:40:33
57,149,76,4007,73.52.148.203,164.312,correct,2022-10-27 04:42:10
8,149,76,4016,73.52.148.203,Florida Healthy Kids Corporation,correct,2022-10-27 04:46:03
11,149,76,4017,73.52.148.203,13402(e)(4),correct,2022-10-27 04:46:21
7,149,76,4023,73.52.148.203,358,correct,2022-10-27 04:49:54
34,78,55,4024,174.230.200.101,Zarlink ZL70101,correct,2022-10-27 04:50:34
9,149,76,4025,73.52.148.203,1290670,correct,2022-10-27 04:53:03
7,136,96,4029,15.181.16.71,358,correct,2022-10-27 04:56:20
12,149,76,4031,73.52.148.203,35085558,correct,2022-10-27 05:00:41
9,136,96,4033,15.181.16.71,1290670,correct,2022-10-27 05:05:46
12,78,55,4034,174.230.200.101,35085558,correct,2022-10-27 05:06:18
13,149,76,4040,73.52.148.203,FDA,correct,2022-10-27 05:15:20
15,149,76,4043,73.52.148.203,"I,II,III",correct,2022-10-27 05:20:04
16,149,76,4044,73.52.148.203,CVE-2019-12255,correct,2022-10-27 05:20:58
17,149,76,4045,73.52.148.203,III,correct,2022-10-27 05:22:14
18,149,76,4051,73.52.148.203,510(k),correct,2022-10-27 05:30:46
12,136,96,4052,15.181.16.71,35085558,correct,2022-10-27 05:31:42
10,136,96,4054,15.181.16.71,"Anthem,78800000",correct,2022-10-27 05:36:31
13,136,96,4055,15.181.16.71,FDA,correct,2022-10-27 05:37:03
14,136,96,4056,15.181.16.71,False,correct,2022-10-27 05:40:25
15,136,96,4059,15.181.16.71,"I,II,III",correct,2022-10-27 05:42:43
16,136,96,4062,15.181.16.71,CVE-2019-12255,correct,2022-10-27 05:56:51
17,136,96,4063,15.181.16.71,III,correct,2022-10-27 05:59:51
18,136,96,4064,15.181.16.71,510(k),correct,2022-10-27 06:01:18
6,150,102,4070,192.145.118.57,"160,164",correct,2022-10-27 07:26:01
21,66,52,4076,50.252.135.74,True,correct,2022-10-27 13:47:15
57,66,52,4090,50.252.135.74,164.312,correct,2022-10-27 14:01:07
53,66,52,4091,50.252.135.74,Manny,correct,2022-10-27 14:02:14
58,66,52,4094,50.252.135.74,CVE-2020-16228,correct,2022-10-27 14:09:58
55,66,52,4095,50.252.135.74,B.06.18,correct,2022-10-27 14:11:25
6,151,103,4097,174.204.6.74,"160,164",correct,2022-10-27 14:45:38
19,151,103,4101,174.204.6.74,164.502(b),correct,2022-10-27 14:48:22
21,151,103,4102,174.204.6.74,True,correct,2022-10-27 14:48:41
20,151,103,4104,174.204.6.74,Zip code,correct,2022-10-27 14:53:46
57,151,103,4105,174.204.6.74,164.312,correct,2022-10-27 14:54:50
24,151,103,4106,174.204.6.74,WE ARE ALL PATIENTS,correct,2022-10-27 14:55:34
26,151,103,4108,174.204.6.74,2,correct,2022-10-27 14:57:57
28,151,103,4110,174.204.6.74,ICSMA-17-009-01a,correct,2022-10-27 15:00:35
29,151,103,4111,174.204.6.74,CVE-2017-5149,correct,2022-10-27 15:01:56
30,151,103,4113,174.204.6.74,6.8,correct,2022-10-27 15:02:47
35,86,60,4115,172.58.73.101,blob version 2.0.5-pre2,correct,2022-10-27 15:07:14
33,151,103,4116,174.204.6.74,07/08/2020,correct,2022-10-27 15:07:15
27,86,60,4117,172.58.73.101,0x01700000,correct,2022-10-27 15:07:47
40,148,47,4119,64.77.246.98,41610-02,correct,2022-10-27 15:15:36
25,148,47,4120,64.77.246.98,6.00,correct,2022-10-27 15:16:35
27,95,66,4121,64.77.246.98,0x01700000,correct,2022-10-27 15:17:07
6,152,104,4122,185.65.135.136,"160,164",correct,2022-10-27 15:18:55
53,95,66,4123,64.77.246.98,manny,correct,2022-10-27 15:22:28
39,95,66,4124,64.77.246.98,demo,correct,2022-10-27 15:22:55
50,95,66,4125,64.77.246.98,pl43106603,correct,2022-10-27 15:23:40
49,95,66,4126,64.77.246.98,"MX100, MX400",correct,2022-10-27 15:24:25
26,136,96,4130,15.181.16.71,II,correct,2022-10-27 15:25:31
41,95,66,4133,64.77.246.98,"40, 100, 400",correct,2022-10-27 15:26:24
62,95,66,4135,64.77.246.98,operation,correct,2022-10-27 15:28:26
61,95,66,4137,64.77.246.98,alivecor,correct,2022-10-27 15:29:30
28,136,96,4138,15.181.16.71,ICSMA-17-009-01A,correct,2022-10-27 15:30:33
25,154,106,4142,64.77.246.98,$6.00,correct,2022-10-27 15:42:14
40,154,106,4143,64.77.246.98,41610-02,correct,2022-10-27 15:42:54
28,154,106,4170,64.77.246.98,ICSMA-17-009-01A,correct,2022-10-27 15:49:55
37,147,47,4173,64.77.246.98,VCC,correct,2022-10-27 15:51:03
34,147,47,4187,64.77.246.98,Zarlink ZL70101,correct,2022-10-27 15:58:11
27,14,7,4188,64.77.246.98,0x01700000,correct,2022-10-27 15:58:59
35,147,47,4189,64.77.246.98,blob version 2.0.5-pre2,correct,2022-10-27 15:59:48
31,86,60,4190,172.58.79.225,+46-8-474-4756,correct,2022-10-27 16:00:14
27,147,47,4191,64.77.246.98,0x01700000,correct,2022-10-27 16:00:38
35,14,7,4194,64.77.246.98,blob version 2.0.5-pre2,correct,2022-10-27 16:02:42
38,14,7,4195,64.77.246.98,MERLIN@STCONHOSPITAL,correct,2022-10-27 16:04:01
6,105,74,4201,64.77.246.98,"160,164",correct,2022-10-27 16:12:07
36,147,47,4206,64.77.246.98,Lattelecom,correct,2022-10-27 16:14:49
38,148,47,4207,64.77.246.98,MERLIN@STCONHOSPITAL,correct,2022-10-27 16:15:19
21,105,74,4208,64.77.246.98,True,correct,2022-10-27 16:24:54
39,90,26,4209,64.77.246.98,Demo,correct,2022-10-27 16:27:28
57,105,74,4216,64.77.246.98,164.312,correct,2022-10-27 16:32:35
25,77,54,4218,64.77.246.98,6,correct,2022-10-27 16:33:22
40,77,54,4220,64.77.246.98,41610-02,correct,2022-10-27 16:33:41
19,105,74,4222,64.77.246.98,164.502(b),correct,2022-10-27 16:34:03
26,77,54,4226,64.77.246.98,2,correct,2022-10-27 16:36:06
20,105,74,4228,64.77.246.98,Zip code,correct,2022-10-27 16:37:23
45,90,26,4229,64.77.246.98,Skin Temperature,correct,2022-10-27 16:37:43
28,77,54,4230,64.77.246.98,ICSMA-17-009-01A,correct,2022-10-27 16:37:43
24,105,74,4233,64.77.246.98,We are all patients,correct,2022-10-27 16:39:06
29,77,54,4234,64.77.246.98,CVE-2017-5149,correct,2022-10-27 16:39:24
46,90,26,4236,64.77.246.98,5,correct,2022-10-27 16:40:00
30,77,54,4237,64.77.246.98,6.8,correct,2022-10-27 16:40:10
39,119,86,4240,64.77.246.98,Demo,correct,2022-10-27 16:41:19
47,90,26,4244,64.77.246.98,Spo2,correct,2022-10-27 16:43:01
48,90,26,4246,64.77.246.98,2,correct,2022-10-27 16:43:21
41,119,86,4247,174.204.0.124,"40,100,400",correct,2022-10-27 16:43:23
49,119,86,4254,64.77.246.98,"Mx100,mx400",correct,2022-10-27 16:45:12
51,90,26,4255,64.77.246.98,Improper input validation,correct,2022-10-27 16:45:32
53,90,26,4260,64.77.246.98,Manny,correct,2022-10-27 16:46:48
55,90,26,4266,64.77.246.98,B.06.18,correct,2022-10-27 16:50:15
50,119,86,4268,174.204.0.124,Pl43106603,correct,2022-10-27 16:50:58
49,90,26,4272,64.77.246.98,"Mx400,mx100",correct,2022-10-27 16:53:03
41,90,26,4273,64.77.246.98,"40,100,400",correct,2022-10-27 16:53:27
6,135,95,4281,64.77.246.98,"160,164",correct,2022-10-27 16:54:27
56,90,26,4287,64.77.246.98,Intelliview,correct,2022-10-27 16:54:56
31,77,54,4290,64.77.246.98,+46-8-474-4756,correct,2022-10-27 16:55:14
59,119,86,4295,174.204.0.124,Iris,correct,2022-10-27 16:56:32
40,33,17,4296,64.77.246.98,41610-02,correct,2022-10-27 16:57:02
34,33,17,4298,64.77.246.98,Zarlink ZL70101,correct,2022-10-27 16:58:16
33,77,54,4299,64.77.246.98,07/08/2020,correct,2022-10-27 16:58:41
35,33,17,4301,64.77.246.98,blob version 2.0.5-pre2,correct,2022-10-27 16:59:02
27,33,17,4302,64.77.246.98,0x01700000,correct,2022-10-27 16:59:49
43,90,26,4304,64.77.246.98,"1.4,2.4",correct,2022-10-27 17:02:12
34,77,54,4335,64.77.246.98,Zarlink ZL70101,correct,2022-10-27 17:15:37
35,77,54,4339,64.77.246.98,blob version 2.0.5-pre2,correct,2022-10-27 17:16:03
27,77,54,4346,64.77.246.98,0x01700000,correct,2022-10-27 17:17:26
36,119,86,4353,174.204.0.124,Lattelecom,correct,2022-10-27 17:18:08
52,90,26,4354,64.77.246.98,5 mhom,correct,2022-10-27 17:18:16
37,77,54,4357,64.77.246.98,Vcc,correct,2022-10-27 17:19:07
50,90,26,4358,64.77.246.98,Pl43106603,correct,2022-10-27 17:19:25
58,90,26,4362,64.77.246.98,CVE-2020-16228,correct,2022-10-27 17:22:40
59,90,26,4366,64.77.246.98,Iris,correct,2022-10-27 17:23:47
36,33,17,4368,64.77.246.98,Lattelecom,correct,2022-10-27 17:23:53
38,33,17,4382,64.77.246.98,MERLIN@STCONHOSPITAL,correct,2022-10-27 17:25:10
60,90,26,4384,64.77.246.98,Moc-9,correct,2022-10-27 17:26:23
42,90,26,4385,64.77.246.98,9,correct,2022-10-27 17:27:09
44,90,26,4388,64.77.246.98,30,correct,2022-10-27 17:30:08
36,77,54,4394,64.77.246.98,Lattelecom,correct,2022-10-27 17:43:59
6,155,107,4395,194.60.86.130,"160,164",correct,2022-10-27 17:44:34
19,155,107,4398,194.60.86.130,164.502(b),correct,2022-10-27 17:46:52
21,155,107,4399,194.60.86.130,True,correct,2022-10-27 17:47:22
20,155,107,4400,194.60.86.130,zip,correct,2022-10-27 17:48:56
6,156,108,4402,64.77.246.98,"160,164",correct,2022-10-27 17:55:02
19,156,108,4403,64.77.246.98,164.502(b),correct,2022-10-27 17:55:51
21,156,108,4404,64.77.246.98,True,correct,2022-10-27 17:57:50
20,156,108,4405,64.77.246.98,zip code,correct,2022-10-27 17:58:45
40,156,108,4409,64.77.246.98,41610-02,correct,2022-10-27 18:14:03
25,156,108,4413,64.77.246.98,6,correct,2022-10-27 18:17:46
26,156,108,4414,64.77.246.98,Class II,correct,2022-10-27 18:18:18
28,156,108,4415,64.77.246.98,ICSMA-17-009-01A,correct,2022-10-27 18:19:00
29,156,108,4416,64.77.246.98,CVE-2017-5149,correct,2022-10-27 18:19:27
30,156,108,4422,64.77.246.98,6.8,correct,2022-10-27 18:20:31
33,156,108,4429,64.77.246.98,07/08/2020,correct,2022-10-27 18:24:44
27,63,40,4436,174.230.216.118,0x01700000,correct,2022-10-27 18:27:24
53,63,40,4437,174.230.216.118,Manny,correct,2022-10-27 18:27:44
25,63,40,4438,174.230.216.118,6.00,correct,2022-10-27 18:28:27
39,63,40,4439,174.230.216.118,Demo,correct,2022-10-27 18:29:03
48,63,40,4441,174.230.216.118,2,correct,2022-10-27 18:29:37
50,63,40,4442,174.230.216.118,PL43106603,correct,2022-10-27 18:30:16
52,63,40,4445,174.230.216.118,5 mhom,correct,2022-10-27 18:31:31
37,156,108,4450,64.77.246.98,VCC,correct,2022-10-27 18:32:21
62,63,40,4451,174.230.216.118,Operation,correct,2022-10-27 18:33:16
61,63,40,4456,174.230.216.118,AliveCor,correct,2022-10-27 18:35:27
27,156,108,4458,64.77.246.98,0x01700000,correct,2022-10-27 18:36:01
40,63,40,4460,174.230.216.118,41610-02,correct,2022-10-27 18:38:28
35,156,108,4464,64.77.246.98,blob version 2.0.5-pre2,correct,2022-10-27 18:39:16
34,156,108,4473,64.77.246.98,Zarlink ZL70101A,correct,2022-10-27 18:47:36
31,156,108,4489,64.77.246.98,+46-8-474-4756,correct,2022-10-27 18:50:48
21,55,34,4495,64.77.246.98,True,correct,2022-10-27 18:52:49
36,156,108,4496,64.77.246.98,lattelecom,correct,2022-10-27 18:52:56
24,63,40,4497,174.230.216.118,WE ARE ALL PATIENTS,correct,2022-10-27 18:53:01
20,55,34,4498,64.77.246.98,zip,correct,2022-10-27 18:53:35
38,63,40,4499,174.230.216.118,MERLIN@STCONHOSPITAL,correct,2022-10-27 18:53:54
57,55,34,4503,64.77.246.98,164.312,correct,2022-10-27 18:55:06
19,55,34,4505,64.77.246.98,164.502(b),correct,2022-10-27 18:58:47
24,55,34,4506,64.77.246.98,WE ARE ALL PATIENTS,correct,2022-10-27 18:59:52
25,55,34,4511,64.77.246.98,6,correct,2022-10-27 19:02:24
40,55,34,4512,64.77.246.98,41610-02,correct,2022-10-27 19:02:43
26,55,34,4518,64.77.246.98,2,correct,2022-10-27 19:05:09
29,55,34,4522,64.77.246.98,CVE-2017-5149,correct,2022-10-27 19:07:49
30,55,34,4527,64.77.246.98,6.8,correct,2022-10-27 19:10:07
28,55,34,4528,64.77.246.98,ICSMA-17-009-01A,correct,2022-10-27 19:11:44
33,55,34,4545,64.77.246.98,07/08/2020,correct,2022-10-27 19:14:58
6,163,111,4559,172.58.77.124,"160,164",correct,2022-10-27 19:30:03
6,116,83,4574,64.77.246.98,"160,164",correct,2022-10-27 19:36:42
19,163,111,4581,172.58.73.240,164.502(b),correct,2022-10-27 19:39:19
6,162,112,4583,64.77.246.98,"160,164",correct,2022-10-27 19:39:51
21,163,111,4584,172.58.73.240,True,correct,2022-10-27 19:39:55
19,164,112,4594,64.77.246.98,164.514(d),correct,2022-10-27 19:43:54
20,163,111,4595,172.58.77.124,Zip code,correct,2022-10-27 19:45:11
61,78,55,4596,174.230.200.101,alivecor,correct,2022-10-27 19:45:37
62,78,55,4597,174.230.200.101,operation,correct,2022-10-27 19:45:47
21,162,112,4599,64.77.246.98,True,correct,2022-10-27 19:46:30
20,164,112,4607,64.77.246.98,zip code,correct,2022-10-27 19:47:19
6,102,71,4614,64.77.246.98,"160,164",correct,2022-10-27 19:48:08
57,162,112,4624,64.77.246.98,164.312(b),correct,2022-10-27 19:49:49
27,78,55,4625,174.230.200.101,0x01700000,correct,2022-10-27 19:50:17
57,163,111,4627,172.58.73.240,164.312,correct,2022-10-27 19:50:39
21,150,102,4632,194.60.86.92,True,correct,2022-10-27 19:51:43
37,78,55,4634,174.230.200.101,vcc,correct,2022-10-27 19:52:26
11,164,112,4637,64.77.246.98,13402(e)(4),correct,2022-10-27 19:53:07
19,150,102,4640,194.60.86.92,164.502(b),correct,2022-10-27 19:53:22
19,102,71,4660,64.77.246.98,164.502(b),correct,2022-10-27 19:55:23
10,78,55,4663,174.230.200.101,"Anthem,78800000",correct,2022-10-27 19:55:39
21,102,71,4668,64.77.246.98,True,correct,2022-10-27 19:56:40
20,102,71,4669,64.77.246.98,Zip,correct,2022-10-27 19:57:10
35,78,55,4673,174.230.200.101,blob version 2.0.5-pre2,correct,2022-10-27 19:58:34
20,150,102,4675,194.60.86.92,zip code,correct,2022-10-27 20:00:21
53,78,55,4676,174.230.200.101,manny,correct,2022-10-27 20:00:41
57,102,71,4681,64.77.246.98,164.312,correct,2022-10-27 20:03:02
50,78,55,4682,174.230.200.101,PL43106603,correct,2022-10-27 20:03:19
8,162,112,4684,64.77.246.98,Florida Healthy Kids Corporation,correct,2022-10-27 20:03:53
13,164,112,4696,64.77.246.98,FDA,correct,2022-10-27 20:07:48
41,78,55,4697,174.230.200.101,"40, 100, 400",correct,2022-10-27 20:07:48
14,164,112,4700,64.77.246.98,False,correct,2022-10-27 20:07:55
15,164,112,4711,64.77.246.98,"Class 1, Class 2, Class 3",correct,2022-10-27 20:09:50
59,78,55,4716,174.230.200.101,Iris,correct,2022-10-27 20:10:52
16,164,112,4717,64.77.246.98,CVE-2019-12255,correct,2022-10-27 20:11:11
52,78,55,4720,174.230.200.101,> 5 meohms (@ 10 Hz,correct,2022-10-27 20:12:16
17,164,112,4721,64.77.246.98,Class 3,correct,2022-10-27 20:12:19
18,164,112,4726,64.77.246.98,510k,correct,2022-10-27 20:12:53
51,63,40,4743,174.230.216.118,Improper input validation,correct,2022-10-27 20:16:24
57,150,102,4753,194.60.86.92,164.312,correct,2022-10-27 20:17:55
24,150,102,4754,194.60.86.92,WE ARE ALL PATIENTS,correct,2022-10-27 20:18:10
50,112,80,4760,64.77.246.98,PL43106603,correct,2022-10-27 20:20:42
37,119,86,4761,174.204.0.124,Vcc,correct,2022-10-27 20:21:57
45,63,40,4762,174.230.216.118,Skin temperature,correct,2022-10-27 20:22:05
53,112,80,4763,64.77.246.98,Manny,correct,2022-10-27 20:22:28
35,119,86,4765,174.204.0.124,Blob version 2.0.5-pre2,correct,2022-10-27 20:22:50
6,8,113,4775,64.77.246.98,"160,164",correct,2022-10-27 20:32:33
6,166,114,4797,64.77.246.98,"160,164",correct,2022-10-27 20:45:50
19,8,113,4813,64.77.246.98,164.502b,correct,2022-10-27 20:47:51
21,8,113,4816,64.77.246.98,True,correct,2022-10-27 20:48:26
19,166,114,4823,64.77.246.98,164.514(d),correct,2022-10-27 20:49:38
21,166,114,4827,64.77.246.98,True,correct,2022-10-27 20:50:28
20,8,113,4828,64.77.246.98,Zip,correct,2022-10-27 20:50:50
57,8,113,4835,64.77.246.98,164.312,correct,2022-10-27 20:52:16
20,166,114,4838,64.77.246.98,Zipcode,correct,2022-10-27 20:54:18
23,165,115,4858,64.77.246.98,Naval Hospital - Naples,correct,2022-10-27 21:02:58
22,165,115,4859,64.77.246.98,DICOM,correct,2022-10-27 21:07:52
23,160,80,4860,64.77.246.98,Naval Hospital - Naples,correct,2022-10-27 21:09:34
21,165,115,4861,64.77.246.98,True,correct,2022-10-27 21:09:46
22,160,80,4862,64.77.246.98,Dicom,correct,2022-10-27 21:11:28
24,160,80,4863,64.77.246.98,WE ARE ALL PATIENTS,correct,2022-10-27 21:12:17
20,165,115,4864,64.77.246.98,zip code,correct,2022-10-27 21:13:42
10,160,80,4866,64.77.246.98,"Anthem,78,800,000",correct,2022-10-27 21:15:05
19,165,115,4869,64.77.246.98,164.502(b),correct,2022-10-27 21:15:42
6,165,115,4874,64.77.246.98,"160,164",correct,2022-10-27 21:17:29
27,119,86,4880,174.204.0.124,0x04a20000,correct,2022-10-27 21:26:12
12,119,86,4881,174.204.0.124,35085558,correct,2022-10-27 21:28:16
7,119,86,4882,174.204.0.124,357,correct,2022-10-27 21:30:14
6,145,116,4883,64.77.246.98,"160,164",correct,2022-10-27 21:47:46
57,165,115,4885,174.230.204.251,164.312(b),correct,2022-10-27 21:49:06
24,168,47,4895,98.202.149.185,WE ARE ALL PATIENTS,correct,2022-10-27 21:52:08
19,145,116,4896,64.77.246.98,164.502(b),correct,2022-10-27 21:52:14
11,165,115,4900,174.230.204.251,13402(e)(4),correct,2022-10-27 21:54:02
21,145,116,4903,64.77.246.98,True,correct,2022-10-27 21:54:40
8,165,115,4905,174.230.204.251,Florida Healthy Kids Corporation,correct,2022-10-27 21:55:05
57,168,47,4907,98.202.149.185,164.312,correct,2022-10-27 21:55:28
20,145,116,4912,64.77.246.98,zip code,correct,2022-10-27 21:58:07
57,145,116,4913,64.77.246.98,164.312,correct,2022-10-27 22:00:53
24,145,116,4914,64.77.246.98,WE ARE ALL PATIENTS,correct,2022-10-27 22:01:11
6,167,117,4916,107.77.229.185,"160,164",correct,2022-10-27 22:01:36
19,167,117,4922,107.77.229.185,164.502(b),correct,2022-10-27 22:04:24
21,167,117,4923,107.77.229.185,True,correct,2022-10-27 22:05:05
9,165,115,4927,174.230.204.251,1290670,correct,2022-10-27 22:10:10
10,165,115,4930,174.230.204.251,"Anthem,78800000",correct,2022-10-27 22:13:49
11,145,116,4935,64.77.246.98,13402(e)(4),correct,2022-10-27 22:21:42
8,145,116,4936,64.77.246.98,Florida Healthy Kids Corporation,correct,2022-10-27 22:22:21
25,136,96,4943,15.181.16.132,6.00,correct,2022-10-27 22:28:19
38,95,66,4944,23.228.168.2,MERLIN@STCONHOSPITAL,correct,2022-10-27 22:29:18
8,119,86,4945,174.204.0.124,Florida healthy kids corporation,correct,2022-10-27 22:29:25
9,145,116,4948,64.77.246.98,1290670,correct,2022-10-27 22:30:13
10,145,116,4958,64.77.246.98,"Anthem Inc.,78800000",correct,2022-10-27 22:34:28
11,119,86,4959,174.204.0.124,13402(e)(4),correct,2022-10-27 22:36:42
45,145,116,4960,64.77.246.98,Skin Temperature,correct,2022-10-27 22:37:36
48,136,96,4967,15.181.16.132,II,correct,2022-10-27 22:45:52
53,136,96,4971,15.181.16.132,Manny,correct,2022-10-27 22:46:33
34,119,86,4972,174.204.0.124,Zarlink zl70101,correct,2022-10-27 22:49:08
31,119,86,4974,174.204.0.124,+46-8-474-4756,correct,2022-10-27 22:51:34
38,119,86,4975,174.204.0.124,MERLIN@STCONHOSPITAL,correct,2022-10-27 22:53:29
