id,type,ip,user_id,date
23,,94.198.42.110,5,2022-10-25 18:56:54
24,,37.19.221.180,5,2022-10-25 19:02:16
25,,64.77.246.98,1,2022-10-28 16:21:01
26,,64.77.246.98,8,2022-10-27 20:52:16
27,,37.19.221.145,5,2022-10-25 20:03:34
28,,174.204.4.254,9,2022-10-25 20:18:34
29,,174.230.205.115,10,2022-10-25 19:38:20
30,,154.21.212.246,11,2022-10-25 19:52:09
31,,67.161.208.244,1,2022-10-28 20:24:17
32,,67.161.208.244,2,2022-10-28 19:05:17
33,,64.77.246.98,12,2022-10-25 21:00:06
34,,64.77.246.98,13,2022-10-25 19:55:16
35,,64.77.246.98,14,2022-10-27 22:26:56
36,,68.235.43.22,5,2022-10-25 20:00:47
37,,172.58.79.137,15,2022-10-25 20:06:29
38,,172.58.77.205,15,2022-10-25 20:15:55
39,,172.58.72.100,16,2022-10-25 20:16:36
40,,172.58.72.195,17,2022-10-25 20:15:32
41,,172.226.137.57,17,2022-10-27 18:54:39
42,,172.58.44.151,18,2022-10-25 20:17:30
43,,172.58.77.147,16,2022-10-25 20:21:22
44,,163.116.147.33,19,2022-10-26 21:10:46
45,,172.58.47.120,18,2022-10-25 20:19:13
46,,172.58.73.66,15,2022-10-25 20:20:12
47,,64.77.246.98,20,2022-10-27 22:15:38
48,,172.58.44.139,18,2022-10-25 20:23:04
49,,174.230.194.158,21,2022-10-25 20:24:18
50,,172.58.44.207,18,2022-10-25 20:25:56
51,,174.230.194.79,22,2022-10-25 20:57:03
52,,172.58.44.229,18,2022-10-25 20:27:06
53,,172.58.44.116,18,2022-10-25 20:29:06
54,,172.58.44.87,18,2022-10-25 20:29:33
55,,64.77.246.98,23,2022-10-25 20:46:46
56,,104.28.48.219,24,2022-10-25 20:37:05
57,,172.58.35.176,25,2022-10-26 13:42:47
58,,172.58.44.231,18,2022-10-25 20:32:17
59,,104.28.50.167,24,2022-10-25 20:34:40
60,,172.58.47.90,26,2022-10-25 20:46:28
61,,163.116.147.49,19,2022-10-25 22:37:06
62,,104.28.50.161,24,2022-10-25 20:37:15
63,,172.58.72.63,15,2022-10-25 20:35:28
64,,173.239.197.212,27,2022-10-25 20:38:38
65,,104.28.48.213,24,2022-10-25 20:41:31
66,,104.28.48.213,28,2022-10-25 20:46:28
67,,104.28.50.167,28,2022-10-25 22:37:58
68,,172.58.60.19,29,2022-10-25 20:43:05
69,,172.58.61.178,29,2022-10-25 21:04:02
70,,64.77.246.98,30,2022-10-26 22:55:54
71,,174.247.150.148,31,2022-10-25 22:58:53
72,,163.116.147.32,32,2022-10-26 17:48:15
73,,64.77.246.98,33,2022-10-27 20:02:07
74,,174.204.1.210,34,2022-10-26 14:43:54
75,,172.58.63.15,29,2022-10-25 20:50:30
76,,172.58.58.101,29,2022-10-25 21:01:18
77,,174.204.3.218,35,2022-10-25 20:50:18
78,,104.28.48.217,28,2022-10-25 20:48:45
79,,64.77.246.98,36,2022-10-25 23:02:26
80,,174.204.6.196,37,2022-10-26 03:49:05
81,,172.58.63.81,29,2022-10-25 21:01:02
82,,64.77.246.98,38,2022-10-27 19:47:27
83,,24.49.166.217,39,2022-10-25 21:02:11
84,,64.77.246.98,40,2022-10-25 21:10:37
85,,174.230.193.85,41,2022-10-25 23:05:18
86,,205.251.233.176,42,2022-10-25 21:31:50
87,,172.58.44.45,26,2022-10-25 20:57:25
88,,193.19.109.104,27,2022-10-25 23:20:10
89,,172.58.47.68,18,2022-10-25 21:00:35
90,,205.251.233.232,42,2022-10-25 21:33:27
91,,173.239.197.228,27,2022-10-25 21:11:23
92,,172.58.44.131,18,2022-10-25 21:02:45
93,,172.226.137.56,17,2022-10-27 17:41:23
94,,104.28.50.161,28,2022-10-25 21:03:58
95,,172.58.60.56,29,2022-10-25 21:07:04
96,,172.58.44.106,18,2022-10-25 21:07:24
97,,172.58.47.82,26,2022-10-25 21:07:26
98,,154.21.212.123,39,2022-10-25 21:29:56
99,,172.58.47.21,26,2022-10-25 21:13:11
100,,172.58.62.84,29,2022-10-25 21:13:59
101,,172.58.72.182,43,2022-10-25 21:16:35
102,,64.77.246.98,44,2022-10-28 16:09:47
103,,50.206.109.10,22,2022-10-25 22:24:00
104,,172.226.136.57,17,2022-10-25 21:19:35
105,,172.58.77.156,45,2022-10-25 21:20:44
106,,172.58.47.19,26,2022-10-25 21:20:45
107,,174.204.3.203,45,2022-10-25 21:45:09
108,,172.58.72.177,16,2022-10-25 21:23:56
109,,172.58.73.210,16,2022-10-25 21:27:57
110,,104.28.48.214,28,2022-10-25 21:28:56
111,,64.77.246.98,4,2022-10-27 17:15:51
112,,149.57.29.141,46,2022-10-25 21:47:17
113,,64.77.246.98,19,2022-10-26 16:20:46
114,,172.58.72.29,45,2022-10-25 21:37:55
115,,64.77.246.98,47,2022-10-25 23:08:42
116,,172.58.72.63,45,2022-10-25 21:38:55
117,,172.58.77.21,45,2022-10-25 21:41:39
118,,64.77.246.98,48,2022-10-26 23:00:21
119,,64.77.246.98,49,2022-10-28 17:00:14
120,,172.58.77.2,45,2022-10-25 21:43:06
121,,174.204.15.99,50,2022-10-25 22:04:51
122,,174.204.0.221,51,2022-10-25 22:48:29
123,,172.58.79.235,16,2022-10-25 21:45:41
124,,172.226.137.13,52,2022-10-25 22:49:38
125,,174.247.150.89,53,2022-10-26 00:02:19
126,,172.226.137.20,52,2022-10-25 21:47:00
127,,64.77.246.98,54,2022-10-26 16:23:58
128,,172.226.137.11,52,2022-10-25 21:49:56
129,,209.107.188.144,55,2022-10-25 22:19:37
130,,64.77.246.98,56,2022-10-26 19:04:59
131,,172.226.137.30,52,2022-10-25 21:51:52
132,,134.250.227.134,51,2022-10-25 22:00:39
133,,134.250.227.147,53,2022-10-25 22:00:43
134,,174.204.6.148,57,2022-10-25 23:05:45
135,,172.58.58.43,29,2022-10-25 22:02:14
136,,104.28.48.216,28,2022-10-25 22:03:04
137,,104.28.48.140,17,2022-10-26 01:03:02
138,,172.226.136.25,52,2022-10-25 22:05:01
139,,172.226.137.2,52,2022-10-25 22:12:34
140,,172.226.137.25,52,2022-10-25 22:17:14
141,,37.19.210.16,5,2022-10-27 18:49:57
142,,64.77.246.98,58,2022-10-27 18:38:17
143,,104.28.48.219,28,2022-10-25 22:19:56
144,,172.58.73.127,45,2022-10-25 22:21:01
145,,172.58.38.147,59,2022-10-25 22:22:48
146,,64.77.246.98,60,2022-10-27 15:27:56
147,,104.28.204.141,61,2022-10-25 22:32:03
148,,104.28.48.215,28,2022-10-25 22:23:27
149,,104.28.204.140,61,2022-10-25 22:31:20
150,,172.58.73.42,62,2022-10-25 22:25:28
151,,163.116.147.34,32,2022-10-25 22:28:10
152,,172.58.44.32,26,2022-10-25 22:28:14
153,,172.58.73.86,16,2022-10-25 22:28:46
154,,174.212.228.136,58,2022-10-27 17:42:33
155,,104.28.50.161,52,2022-10-25 22:33:03
156,,172.58.77.162,26,2022-10-25 22:33:09
157,,174.230.203.161,63,2022-10-26 01:51:01
158,,174.204.0.7,64,2022-10-27 01:25:44
159,,174.212.211.152,65,2022-10-25 22:40:48
160,,172.58.77.59,62,2022-10-25 22:36:06
161,,172.58.77.69,62,2022-10-25 22:38:42
162,,173.239.197.205,27,2022-10-25 22:40:01
163,,172.58.77.228,62,2022-10-25 22:39:33
164,,172.58.77.177,62,2022-10-25 22:39:50
165,,163.116.147.34,19,2022-10-25 22:40:34
166,,172.226.137.3,52,2022-10-25 22:41:19
167,,173.239.197.216,27,2022-10-25 22:59:39
168,,64.77.246.98,66,2022-10-27 22:31:33
169,,169.150.203.58,5,2022-10-25 23:15:12
170,,64.77.246.98,67,2022-10-26 23:23:43
171,,64.77.246.98,68,2022-10-27 16:06:39
172,,174.230.202.181,69,2022-10-25 23:05:56
173,,64.77.246.98,51,2022-10-28 15:48:51
174,,172.58.72.239,70,2022-10-26 03:12:19
175,,64.77.246.98,71,2022-10-27 18:58:03
176,,172.226.137.8,52,2022-10-25 22:57:31
177,,172.58.72.47,62,2022-10-25 22:58:55
178,,134.250.227.130,51,2022-10-25 23:00:22
179,,134.250.227.130,51,2022-10-25 23:00:22
180,,172.58.73.253,45,2022-10-25 23:00:22
181,,172.58.72.203,45,2022-10-25 23:00:57
182,,173.239.197.202,27,2022-10-25 23:05:29
183,,172.58.77.78,70,2022-10-25 23:01:52
184,,172.58.73.10,45,2022-10-25 23:01:55
185,,172.58.77.31,70,2022-10-25 23:02:01
186,,172.58.77.72,70,2022-10-25 23:02:36
187,,216.50.140.120,27,2022-10-26 11:13:10
188,,64.77.246.98,69,2022-10-26 19:48:32
189,,172.58.79.166,70,2022-10-25 23:09:18
190,,172.58.79.150,70,2022-10-25 23:19:13
191,,107.77.231.214,67,2022-10-26 00:13:27
192,,104.28.48.221,52,2022-10-25 23:13:38
193,,172.58.58.13,49,2022-10-25 23:22:22
194,,172.58.79.203,47,2022-10-25 23:22:40
195,,104.28.111.177,28,2022-10-25 23:23:06
196,,104.28.224.150,61,2022-10-25 23:24:06
197,,174.230.207.185,22,2022-10-25 23:24:44
198,,172.225.80.137,52,2022-10-25 23:30:50
199,,104.28.204.137,61,2022-10-26 04:53:57
200,,173.239.197.213,27,2022-10-25 23:42:04
201,,173.239.197.209,27,2022-10-25 23:46:07
202,,172.58.73.248,47,2022-10-25 23:46:47
203,,136.36.76.120,16,2022-10-25 23:53:39
204,,136.36.76.120,16,2022-10-25 23:53:39
205,,76.8.206.122,14,2022-10-28 11:07:11
206,,163.116.147.32,19,2022-10-26 16:53:56
207,,136.36.2.27,67,2022-10-26 04:36:34
208,,174.204.0.156,68,2022-10-26 00:05:32
209,,67.164.203.183,20,2022-10-26 11:17:11
210,,67.2.12.49,47,2022-10-26 00:06:41
211,,64.147.131.251,59,2022-10-26 21:07:21
212,,172.83.4.34,10,2022-10-26 12:59:26
213,,24.10.176.136,58,2022-10-26 00:22:42
214,,73.127.17.125,63,2022-10-28 01:56:55
215,,104.28.48.139,17,2022-10-26 00:28:00
216,,104.28.124.136,52,2022-10-26 00:56:31
217,,38.70.255.102,17,2022-10-28 04:25:49
218,,172.225.80.152,52,2022-10-26 01:22:38
219,,172.225.80.139,52,2022-10-26 01:22:43
220,,172.225.80.177,52,2022-10-26 01:22:49
221,,107.122.173.132,60,2022-10-28 04:10:56
222,,172.226.136.32,17,2022-10-26 15:19:42
223,,136.36.250.69,41,2022-10-26 01:44:06
224,,172.226.137.33,17,2022-10-26 02:14:02
225,,205.118.69.211,59,2022-10-26 23:30:04
226,,205.197.208.147,69,2022-10-26 02:11:28
227,,216.50.140.120,72,2022-10-26 02:43:00
228,,24.2.87.117,38,2022-10-28 03:38:58
229,,174.247.150.4,53,2022-10-26 02:05:46
230,,67.214.234.34,73,2022-10-26 02:33:51
231,,136.38.19.130,31,2022-10-26 03:04:05
232,,172.58.73.72,43,2022-10-26 02:55:54
233,,104.28.50.168,52,2022-10-26 02:44:28
234,,172.58.60.152,49,2022-10-26 02:49:35
235,,172.58.63.176,49,2022-10-26 02:50:14
236,,104.28.48.213,52,2022-10-26 07:20:32
237,,50.252.135.74,49,2022-10-27 05:00:21
238,,65.49.6.202,40,2022-10-26 02:54:12
239,,67.2.7.1,47,2022-10-26 04:58:54
240,,67.177.49.28,65,2022-10-28 14:24:02
241,,104.28.48.215,52,2022-10-26 03:31:28
242,,185.156.46.185,5,2022-10-26 03:59:18
243,,154.6.80.143,74,2022-10-26 06:36:14
244,,184.170.242.150,74,2022-10-26 04:03:15
245,,184.170.242.166,74,2022-10-26 04:26:52
246,,193.37.254.67,75,2022-10-26 04:14:03
247,,50.252.135.74,66,2022-10-28 13:49:30
248,,184.170.241.115,74,2022-10-26 04:47:01
249,,208.54.229.254,35,2022-10-26 04:45:29
250,,66.219.251.143,45,2022-10-28 05:09:31
251,,104.28.48.139,52,2022-10-26 19:23:54
252,,67.2.7.1,76,2022-10-28 14:57:30
253,,104.28.48.140,52,2022-10-26 19:44:45
254,,136.36.15.222,33,2022-10-27 14:54:21
255,,174.230.205.120,68,2022-10-26 05:36:20
256,,107.122.173.13,77,2022-10-26 05:42:44
257,,172.58.38.243,74,2022-10-26 05:49:19
258,,207.204.228.127,52,2022-10-26 05:58:13
259,,206.251.47.126,57,2022-10-26 06:06:33
260,,206.251.47.126,57,2022-10-26 06:06:33
261,,174.230.193.241,63,2022-10-26 09:35:31
262,,104.28.116.57,52,2022-10-26 06:46:45
263,,104.28.124.62,52,2022-10-26 06:46:59
264,,107.122.173.59,77,2022-10-26 06:54:31
265,,136.36.98.146,78,2022-10-26 08:24:21
266,,104.28.85.83,52,2022-10-26 08:02:51
267,,172.226.136.33,17,2022-10-26 08:04:34
268,,172.226.137.32,17,2022-10-26 15:50:16
269,,166.70.240.7,79,2022-10-26 10:36:33
270,,172.226.137.57,52,2022-10-26 10:29:56
271,,174.230.193.190,68,2022-10-26 12:02:48
272,,172.58.72.25,70,2022-10-26 12:35:45
273,,172.58.72.71,70,2022-10-26 12:42:47
274,,149.57.29.183,46,2022-10-26 14:13:01
275,,172.58.73.39,80,2022-10-26 13:58:00
276,,216.50.140.120,4,2022-10-26 23:50:02
277,,207.53.244.159,4,2022-10-26 14:26:09
278,,107.122.173.137,81,2022-10-26 14:29:02
279,,104.28.116.58,52,2022-10-26 18:14:00
280,,174.230.208.106,57,2022-10-26 18:56:27
281,,64.77.246.98,2,2022-10-28 14:35:04
282,,209.107.184.7,5,2022-10-26 19:02:25
283,,64.77.246.98,76,2022-10-28 17:48:21
284,,172.58.77.125,70,2022-10-26 15:09:04
285,,174.247.145.217,31,2022-10-26 22:07:31
286,,172.58.46.168,17,2022-10-26 15:36:10
287,,174.230.196.139,63,2022-10-26 15:23:06
288,,174.230.193.217,63,2022-10-26 23:07:39
289,,208.54.235.80,81,2022-10-26 15:30:19
290,,163.116.147.40,19,2022-10-26 15:31:46
291,,174.250.28.9,82,2022-10-26 16:31:02
292,,107.122.173.133,83,2022-10-26 15:32:05
293,,64.77.246.98,59,2022-10-26 22:43:04
294,,107.181.245.76,84,2022-10-26 16:19:23
295,,172.58.44.208,85,2022-10-26 15:55:32
296,,172.58.72.127,86,2022-10-26 15:56:29
297,,172.58.77.3,86,2022-10-26 15:58:59
298,,172.58.35.2,87,2022-10-26 15:53:19
299,,174.204.7.191,10,2022-10-26 16:54:34
300,,174.204.3.52,88,2022-10-26 16:11:24
301,,172.58.79.195,89,2022-10-26 15:54:35
302,,64.77.246.98,82,2022-10-26 21:09:08
303,,104.28.48.221,89,2022-10-26 15:59:16
304,,104.28.48.213,89,2022-10-26 15:56:04
305,,104.28.50.167,89,2022-10-26 16:04:39
306,,104.28.48.220,89,2022-10-26 15:56:42
307,,64.77.246.98,90,2022-10-27 18:32:23
308,,104.28.50.161,89,2022-10-26 16:04:35
309,,104.28.48.216,89,2022-10-26 15:59:58
310,,64.77.246.98,87,2022-10-26 21:11:10
311,,104.28.116.142,17,2022-10-28 01:20:29
312,,64.77.246.98,73,2022-10-26 19:37:11
313,,137.190.250.225,87,2022-10-26 19:57:48
314,,174.247.149.109,91,2022-10-27 18:46:04
315,,64.77.246.98,17,2022-10-28 18:03:45
316,,172.58.72.136,92,2022-10-26 16:09:36
317,,104.28.48.214,89,2022-10-26 16:09:54
318,,172.58.72.222,92,2022-10-26 16:09:56
319,,172.58.73.149,92,2022-10-26 16:12:29
320,,172.58.72.192,92,2022-10-26 16:13:45
321,,172.58.73.57,92,2022-10-26 16:14:43
322,,64.77.246.98,83,2022-10-26 16:22:57
323,,64.77.246.98,93,2022-10-26 16:19:16
324,,37.19.210.86,94,2022-10-26 16:39:56
325,,172.58.72.98,95,2022-10-26 16:20:18
326,,172.58.72.242,95,2022-10-26 16:21:30
327,,64.77.246.98,96,2022-10-26 17:08:53
328,,64.77.246.98,95,2022-10-27 21:03:25
329,,64.77.246.98,79,2022-10-26 16:25:31
330,,172.58.45.236,14,2022-10-26 16:32:59
331,,64.77.246.98,97,2022-10-26 16:33:24
332,,107.122.173.96,77,2022-10-26 16:33:55
333,,64.77.246.98,10,2022-10-26 16:36:38
334,,172.58.79.165,86,2022-10-26 16:37:17
335,,64.77.246.98,42,2022-10-26 16:39:27
336,,134.250.227.153,51,2022-10-27 20:58:02
337,,172.58.72.249,70,2022-10-26 16:40:57
338,,64.77.246.98,98,2022-10-26 21:33:58
339,,172.58.73.152,92,2022-10-26 16:44:59
340,,172.58.72.160,92,2022-10-26 16:46:40
341,,172.58.72.164,70,2022-10-26 16:49:24
342,,172.58.77.185,70,2022-10-26 16:52:34
343,,172.58.77.75,70,2022-10-26 16:56:56
344,,172.58.77.222,99,2022-10-26 17:21:14
345,,172.58.72.176,99,2022-10-26 17:16:01
346,,172.58.44.206,85,2022-10-26 17:17:44
347,,64.77.246.98,100,2022-10-27 15:07:48
348,,64.77.246.98,101,2022-10-26 21:34:34
349,,149.57.29.172,46,2022-10-26 17:18:40
350,,149.57.29.172,46,2022-10-26 17:18:40
351,,64.77.246.98,102,2022-10-27 20:03:02
352,,172.58.73.5,70,2022-10-26 17:24:21
353,,64.77.246.98,91,2022-10-28 15:12:52
354,,172.58.77.178,103,2022-10-26 17:30:36
355,,172.58.72.67,99,2022-10-26 17:30:37
356,,174.230.207.183,7,2022-10-26 22:41:21
357,,172.58.35.59,87,2022-10-26 17:33:24
358,,172.58.77.127,103,2022-10-26 17:33:51
359,,172.58.79.138,103,2022-10-26 17:34:02
360,,172.58.77.157,103,2022-10-26 17:34:32
361,,174.230.194.74,104,2022-10-26 17:48:43
362,,172.58.73.51,103,2022-10-26 17:36:54
363,,64.77.246.98,105,2022-10-27 16:39:05
364,,172.58.73.122,86,2022-10-26 17:51:28
365,,172.58.73.122,86,2022-10-26 17:37:19
366,,64.77.246.98,92,2022-10-26 17:40:30
367,,172.58.77.54,70,2022-10-26 17:41:15
368,,64.77.246.98,106,2022-10-27 19:14:53
369,,64.77.246.98,99,2022-10-26 17:42:19
370,,64.77.246.98,107,2022-10-26 17:48:01
371,,64.77.246.98,108,2022-10-27 21:51:40
372,,107.77.228.58,105,2022-10-26 17:44:07
373,,172.58.43.37,17,2022-10-26 17:55:07
374,,64.77.246.98,77,2022-10-28 16:15:46
375,,172.58.79.235,86,2022-10-26 17:58:16
376,,107.122.173.45,60,2022-10-26 17:55:37
377,,174.204.1.186,107,2022-10-26 18:17:50
378,,172.58.46.192,17,2022-10-26 17:59:12
379,,104.28.123.62,52,2022-10-26 18:10:05
380,,89.39.107.191,109,2022-10-27 01:37:06
381,,174.204.10.128,96,2022-10-26 18:22:41
382,,173.239.197.121,27,2022-10-26 18:26:05
383,,128.187.116.19,99,2022-10-26 18:25:53
384,,69.169.44.72,4,2022-10-27 19:32:55
385,,64.77.246.98,110,2022-10-26 18:39:30
386,,172.58.43.60,17,2022-10-26 18:31:20
387,,172.58.73.235,95,2022-10-26 18:35:47
388,,64.77.246.98,80,2022-10-27 20:00:48
389,,172.58.73.47,92,2022-10-26 18:44:46
390,,172.58.43.146,17,2022-10-26 18:48:05
391,,209.107.184.99,111,2022-10-26 19:14:04
392,,172.58.73.113,112,2022-10-26 19:13:52
393,,136.36.223.24,99,2022-10-26 18:50:51
394,,172.58.79.251,92,2022-10-26 18:51:17
395,,104.28.48.216,113,2022-10-26 19:09:29
396,,64.77.246.98,114,2022-10-26 20:54:28
397,,104.28.48.213,113,2022-10-26 19:12:27
398,,104.28.48.219,113,2022-10-26 19:01:40
399,,172.58.77.75,112,2022-10-26 18:57:10
400,,172.58.77.153,112,2022-10-26 18:57:17
401,,172.58.77.62,112,2022-10-26 18:57:39
402,,104.28.50.167,113,2022-10-26 19:00:11
403,,172.58.77.248,95,2022-10-26 19:01:35
404,,172.58.77.186,112,2022-10-26 19:01:59
405,,174.204.2.214,51,2022-10-26 20:32:18
406,,64.77.246.98,115,2022-10-26 22:51:10
407,,104.28.48.215,113,2022-10-26 19:11:09
408,,104.28.48.220,113,2022-10-26 19:08:56
409,,69.55.98.33,116,2022-10-26 19:22:59
410,,172.58.77.155,95,2022-10-26 19:17:14
411,,107.181.184.249,74,2022-10-26 19:17:48
412,,174.204.15.154,117,2022-10-26 22:29:12
413,,172.58.73.111,70,2022-10-26 19:21:50
414,,174.230.205.100,118,2022-10-26 21:10:01
415,,172.58.72.150,86,2022-10-26 19:28:52
416,,172.58.79.183,112,2022-10-26 19:29:43
417,,174.204.0.124,119,2022-10-27 22:53:28
418,,64.77.246.98,120,2022-10-26 19:31:24
419,,172.58.72.63,121,2022-10-26 19:30:34
420,,64.77.246.98,121,2022-10-26 19:34:25
421,,172.58.77.124,112,2022-10-26 19:32:13
422,,64.77.246.98,111,2022-10-26 19:32:24
423,,149.57.29.152,46,2022-10-26 20:19:25
424,,149.57.29.152,46,2022-10-26 19:33:51
425,,172.58.77.230,112,2022-10-26 19:34:31
426,,172.58.77.163,122,2022-10-26 19:41:24
427,,104.28.49.14,17,2022-10-26 19:36:38
428,,209.107.188.136,111,2022-10-26 19:36:45
429,,172.58.73.124,112,2022-10-26 19:38:03
430,,184.170.252.198,39,2022-10-26 20:05:10
431,,172.58.77.198,70,2022-10-26 19:38:15
432,,172.58.77.251,70,2022-10-26 19:38:27
433,,172.58.77.67,86,2022-10-26 19:40:15
434,,172.58.72.155,112,2022-10-26 19:45:24
435,,209.107.188.190,111,2022-10-26 19:45:31
436,,172.58.73.163,122,2022-10-26 20:11:29
437,,172.58.72.206,112,2022-10-26 19:48:34
438,,172.58.72.146,70,2022-10-26 19:48:51
439,,172.58.73.245,70,2022-10-26 19:51:19
440,,172.58.72.122,70,2022-10-26 19:52:17
441,,172.58.72.119,70,2022-10-26 19:53:19
442,,66.115.165.58,74,2022-10-26 19:53:35
443,,66.115.165.58,74,2022-10-26 19:53:35
444,,64.77.246.98,85,2022-10-26 23:22:56
445,,172.58.77.181,95,2022-10-26 19:55:15
446,,172.58.72.154,86,2022-10-26 22:20:59
447,,64.77.246.98,123,2022-10-28 17:54:19
448,,64.77.246.98,124,2022-10-26 23:28:17
449,,64.77.246.98,125,2022-10-28 02:06:58
450,,172.58.73.45,70,2022-10-26 20:05:29
451,,172.102.8.10,111,2022-10-26 20:50:44
452,,173.239.197.117,27,2022-10-26 20:12:39
453,,64.77.246.98,126,2022-10-27 20:20:58
454,,67.199.169.216,127,2022-10-28 20:25:24
455,,173.239.197.115,27,2022-10-26 20:15:39
456,,172.58.77.106,122,2022-10-26 20:15:38
457,,172.58.62.68,122,2022-10-26 20:16:21
458,,172.58.77.174,86,2022-10-26 22:17:19
459,,172.58.58.112,122,2022-10-26 20:16:35
460,,50.206.109.10,117,2022-10-26 22:08:44
461,,50.206.109.10,117,2022-10-26 20:16:37
462,,172.58.72.157,70,2022-10-26 20:17:47
463,,209.107.180.138,5,2022-10-27 00:11:55
464,,172.58.62.15,122,2022-10-26 20:23:55
465,,172.58.73.239,70,2022-10-26 20:29:58
466,,66.219.251.143,105,2022-10-27 13:11:30
467,,66.219.251.143,105,2022-10-26 20:32:03
468,,64.77.246.98,128,2022-10-26 20:52:52
469,,212.102.44.167,129,2022-10-26 21:13:50
470,,172.58.73.199,70,2022-10-26 20:39:13
471,,174.247.151.144,130,2022-10-26 23:03:03
472,,172.58.79.221,112,2022-10-26 20:53:06
473,,172.58.72.205,95,2022-10-26 20:53:17
474,,172.58.77.192,112,2022-10-26 20:55:15
475,,172.58.44.237,14,2022-10-26 20:58:26
476,,172.58.77.163,112,2022-10-26 20:58:27
477,,64.77.246.98,131,2022-10-26 21:01:03
478,,154.21.208.236,74,2022-10-26 21:19:20
479,,149.57.29.174,132,2022-10-26 22:21:18
480,,172.58.79.233,133,2022-10-26 22:19:12
481,,172.58.73.197,45,2022-10-26 21:12:49
482,,184.170.241.101,134,2022-10-26 21:14:07
483,,172.58.72.251,45,2022-10-26 21:14:19
484,,172.58.72.177,70,2022-10-26 21:26:13
485,,172.58.73.200,70,2022-10-26 21:29:10
486,,64.77.246.98,135,2022-10-27 16:55:28
487,,172.58.73.82,92,2022-10-26 21:34:18
488,,172.98.87.221,39,2022-10-26 22:27:01
489,,172.58.73.15,70,2022-10-26 21:37:35
490,,194.60.86.46,100,2022-10-26 21:39:35
491,,194.60.86.46,100,2022-10-26 21:39:35
492,,174.230.205.4,21,2022-10-26 21:43:47
493,,172.58.79.219,70,2022-10-26 21:48:42
494,,172.58.77.158,70,2022-10-26 21:49:32
495,,15.181.16.147,136,2022-10-26 22:59:09
496,,174.230.200.100,137,2022-10-26 22:09:41
497,,64.77.246.98,138,2022-10-26 22:19:02
498,,174.247.151.185,139,2022-10-26 22:08:59
499,,64.77.246.98,140,2022-10-26 22:18:57
500,,69.4.234.109,141,2022-10-26 22:22:22
501,,172.58.44.237,133,2022-10-26 22:21:08
502,,172.58.73.235,112,2022-10-26 22:21:53
503,,172.58.72.20,70,2022-10-26 22:34:43
504,,172.58.79.160,86,2022-10-26 22:36:12
505,,174.212.228.64,142,2022-10-26 22:37:32
506,,172.58.72.77,85,2022-10-26 22:39:10
507,,64.77.246.98,143,2022-10-26 22:42:08
508,,172.58.72.240,86,2022-10-26 22:53:31
509,,172.58.47.122,85,2022-10-26 22:57:00
510,,191.96.206.80,27,2022-10-26 22:59:32
511,,172.58.73.179,86,2022-10-26 23:00:27
512,,191.96.206.25,27,2022-10-26 23:05:11
513,,23.228.168.4,95,2022-10-27 00:02:23
514,,205.122.95.26,144,2022-10-26 23:32:23
515,,174.52.132.107,117,2022-10-27 07:30:14
516,,136.36.34.212,60,2022-10-27 15:04:12
517,,172.58.45.60,85,2022-10-27 01:47:54
518,,216.51.39.71,95,2022-10-27 22:29:27
519,,107.77.230.9,115,2022-10-26 23:49:55
520,,216.50.140.120,123,2022-10-28 12:47:10
521,,172.58.35.50,66,2022-10-26 23:57:37
522,,207.53.244.158,4,2022-10-27 07:19:40
523,,107.77.230.182,145,2022-10-27 00:22:57
524,,15.181.16.132,136,2022-10-27 22:46:33
525,,15.181.16.132,136,2022-10-27 00:15:06
526,,75.203.149.159,115,2022-10-27 00:26:19
527,,172.58.46.239,123,2022-10-27 00:43:33
528,,172.58.43.241,123,2022-10-27 00:51:01
529,,172.58.43.82,123,2022-10-27 00:54:01
530,,172.58.43.231,123,2022-10-27 01:06:14
531,,107.122.173.84,77,2022-10-27 02:08:25
532,,107.122.173.84,77,2022-10-27 01:12:49
533,,172.58.46.174,123,2022-10-27 01:16:42
534,,172.58.44.253,14,2022-10-27 02:39:21
535,,172.58.44.253,14,2022-10-27 01:16:43
536,,208.54.237.70,133,2022-10-27 01:18:04
537,,172.58.73.129,45,2022-10-27 01:39:21
538,,136.36.37.122,95,2022-10-28 04:15:51
539,,67.164.207.203,146,2022-10-27 02:28:21
540,,162.210.21.6,7,2022-10-27 02:25:04
541,,107.122.173.11,141,2022-10-27 02:30:31
542,,216.50.140.120,136,2022-10-27 02:42:21
543,,15.181.16.71,136,2022-10-27 15:39:09
544,,107.122.173.30,147,2022-10-27 03:55:24
545,,38.141.48.178,148,2022-10-27 05:36:19
546,,172.58.72.110,45,2022-10-27 03:00:30
547,,75.169.24.185,92,2022-10-27 04:40:51
548,,136.36.38.247,128,2022-10-27 03:23:38
549,,136.36.38.247,128,2022-10-27 03:23:38
550,,173.239.197.81,27,2022-10-27 03:35:55
551,,173.239.197.94,27,2022-10-27 03:48:31
552,,89.187.185.165,109,2022-10-27 03:58:23
553,,205.197.208.147,85,2022-10-27 04:05:36
554,,73.52.148.203,149,2022-10-28 01:06:18
555,,174.230.200.101,78,2022-10-27 20:12:32
556,,107.122.173.135,77,2022-10-27 04:41:57
557,,136.36.111.116,142,2022-10-28 00:20:34
558,,159.212.71.126,4,2022-10-27 05:12:08
559,,170.39.98.100,97,2022-10-27 05:53:26
560,,107.122.173.50,77,2022-10-27 06:48:12
561,,67.2.55.186,29,2022-10-27 07:03:06
562,,192.145.118.57,150,2022-10-27 07:27:39
563,,172.58.72.121,62,2022-10-27 11:12:58
564,,38.70.255.74,108,2022-10-27 13:18:52
565,,172.58.72.123,98,2022-10-27 12:52:38
566,,172.58.72.123,98,2022-10-27 12:52:38
567,,172.58.72.100,43,2022-10-27 13:13:23
568,,50.230.116.74,20,2022-10-27 13:22:57
569,,174.247.146.249,118,2022-10-27 13:23:39
570,,4.23.131.18,148,2022-10-27 13:30:35
571,,4.23.131.18,148,2022-10-27 13:30:35
572,,23.228.168.2,95,2022-10-27 23:36:25
573,,172.58.43.117,123,2022-10-27 14:09:04
574,,216.50.140.120,147,2022-10-27 15:21:30
575,,174.204.6.74,151,2022-10-28 00:58:07
576,,172.58.73.101,86,2022-10-27 15:07:47
577,,172.58.73.101,86,2022-10-27 15:06:16
578,,185.65.135.136,152,2022-10-27 15:18:55
579,,64.77.246.98,148,2022-10-27 19:32:47
580,,172.58.72.193,17,2022-10-27 15:20:01
581,,172.58.73.40,95,2022-10-27 15:20:01
582,,64.77.246.98,116,2022-10-27 20:01:03
583,,174.230.200.58,7,2022-10-27 22:16:18
584,,172.58.73.112,95,2022-10-27 15:30:55
585,,172.58.73.243,92,2022-10-27 15:32:15
586,,184.170.252.221,134,2022-10-27 15:32:23
587,,64.77.246.98,153,2022-10-27 15:40:58
588,,64.77.246.98,154,2022-10-27 20:32:26
589,,174.247.148.135,149,2022-10-28 01:07:08
590,,134.250.227.148,53,2022-10-27 17:01:42
591,,64.77.246.98,147,2022-10-27 16:14:49
592,,174.212.229.123,142,2022-10-28 04:30:49
593,,172.58.79.225,86,2022-10-27 16:03:11
594,,172.58.72.127,95,2022-10-27 15:56:55
595,,104.28.123.62,17,2022-10-27 16:00:05
596,,172.226.136.56,17,2022-10-27 18:48:00
597,,134.250.227.159,51,2022-10-27 16:09:04
598,,163.116.147.49,32,2022-10-27 16:09:13
599,,107.122.173.73,77,2022-10-27 16:29:52
600,,64.77.246.98,119,2022-10-27 20:54:38
601,,172.58.73.163,95,2022-10-27 16:40:05
602,,172.58.72.249,43,2022-10-27 16:43:22
603,,172.58.43.135,14,2022-10-27 16:55:37
604,,194.60.86.36,155,2022-10-28 04:13:47
605,,194.60.86.130,155,2022-10-27 17:48:56
606,,64.77.246.98,156,2022-10-27 19:10:36
607,,194.60.86.96,157,2022-10-27 17:50:59
608,,174.204.5.5,57,2022-10-27 17:55:18
609,,194.60.86.98,157,2022-10-27 18:13:38
610,,172.58.44.186,14,2022-10-27 18:24:07
611,,172.58.44.186,14,2022-10-27 18:24:07
612,,174.230.216.118,63,2022-10-27 22:53:19
613,,172.58.72.219,158,2022-10-27 18:42:56
614,,174.204.6.206,137,2022-10-27 18:39:48
615,,64.77.246.98,55,2022-10-28 16:10:28
616,,172.58.72.169,95,2022-10-27 18:49:13
617,,172.58.77.217,158,2022-10-27 18:50:58
618,,174.247.146.102,71,2022-10-27 18:51:40
619,,174.247.146.102,71,2022-10-27 18:51:40
620,,172.58.73.106,95,2022-10-27 18:53:37
621,,194.60.86.61,155,2022-10-27 18:54:04
622,,104.28.124.62,159,2022-10-27 18:56:26
623,,64.77.246.98,160,2022-10-27 22:16:29
624,,64.77.246.98,161,2022-10-27 20:26:39
625,,172.226.136.57,159,2022-10-27 21:18:30
626,,172.226.137.56,159,2022-10-27 21:12:26
627,,172.58.73.89,95,2022-10-27 18:58:51
628,,172.226.136.56,159,2022-10-27 21:15:44
629,,172.58.72.252,162,2022-10-27 19:14:42
630,,64.77.246.98,159,2022-10-27 20:15:06
631,,172.225.199.74,17,2022-10-27 19:16:02
632,,104.28.124.62,17,2022-10-27 20:13:17
633,,172.58.77.124,163,2022-10-27 19:46:00
634,,172.58.73.103,162,2022-10-27 19:35:46
635,,64.77.246.98,162,2022-10-27 20:20:23
636,,172.58.73.240,163,2022-10-27 19:50:39
637,,64.77.246.98,164,2022-10-27 20:20:32
638,,172.58.73.206,162,2022-10-27 19:42:46
639,,194.195.93.85,150,2022-10-27 21:30:23
640,,69.169.14.165,4,2022-10-27 22:51:01
641,,194.60.86.92,150,2022-10-27 20:18:10
642,,174.204.6.209,9,2022-10-27 19:57:15
643,,172.58.77.138,45,2022-10-27 19:59:46
644,,172.58.72.218,45,2022-10-27 20:02:13
645,,64.77.246.98,112,2022-10-27 20:22:54
646,,64.77.246.98,165,2022-10-27 21:22:15
647,,172.58.72.184,45,2022-10-27 20:16:39
648,,64.77.246.98,45,2022-10-28 01:54:43
649,,205.251.233.48,42,2022-10-28 01:36:41
650,,205.251.233.48,42,2022-10-27 20:24:02
651,,205.251.233.48,42,2022-10-27 20:24:02
652,,205.251.233.107,42,2022-10-27 20:28:47
653,,172.58.77.192,95,2022-10-27 20:34:47
654,,172.58.77.93,95,2022-10-27 20:36:03
655,,64.77.246.98,166,2022-10-27 21:01:23
656,,172.58.79.161,95,2022-10-27 20:43:25
657,,107.77.230.113,166,2022-10-27 20:52:55
658,,194.60.86.95,157,2022-10-27 21:07:05
659,,194.60.86.99,157,2022-10-27 21:13:15
660,,37.19.210.10,5,2022-10-27 23:00:16
661,,107.77.229.185,167,2022-10-27 22:09:42
662,,172.58.77.193,62,2022-10-27 21:39:32
663,,205.118.69.211,165,2022-10-27 21:43:32
664,,64.77.246.98,145,2022-10-27 22:38:18
665,,174.230.204.251,165,2022-10-27 23:05:47
666,,98.202.149.185,168,2022-10-28 13:25:09
667,,107.122.173.66,169,2022-10-27 22:13:50
668,,64.77.246.98,61,2022-10-27 22:16:20
669,,104.28.204.145,61,2022-10-28 17:28:28
670,,172.58.35.228,170,2022-10-27 22:20:23
671,,198.212.128.254,171,2022-10-27 22:28:33
672,,104.28.123.161,17,2022-10-27 22:36:31
673,,205.118.69.211,160,2022-10-27 22:48:56
674,,174.204.4.67,161,2022-10-27 22:49:23
675,,104.28.123.160,17,2022-10-28 00:54:17
676,,104.28.237.110,61,2022-10-27 23:00:20
677,,172.58.77.45,45,2022-10-27 23:26:43
678,,128.187.116.30,61,2022-10-27 23:44:17
679,,67.199.178.180,169,2022-10-28 01:42:50
680,,162.246.102.29,119,2022-10-28 01:06:36
681,,67.161.223.38,161,2022-10-28 00:52:47
682,,104.28.49.12,17,2022-10-28 01:09:49
683,,194.60.86.89,150,2022-10-28 01:25:56
684,,174.230.206.48,68,2022-10-28 02:41:17
685,,136.36.161.66,61,2022-10-28 01:33:39
686,,107.77.231.201,4,2022-10-28 01:40:55
687,,172.102.10.147,5,2022-10-28 01:42:14
688,,76.129.117.49,160,2022-10-28 12:32:43
689,,104.28.85.183,17,2022-10-28 02:27:07
690,,172.58.79.223,33,2022-10-28 02:36:22
691,,69.169.44.70,4,2022-10-28 02:39:57
692,,76.8.206.122,5,2022-10-28 02:49:39
693,,174.204.4.92,119,2022-10-28 03:57:51
694,,136.175.96.67,71,2022-10-28 04:50:46
695,,172.58.73.132,157,2022-10-28 05:47:43
696,,107.77.228.76,67,2022-10-28 06:02:27
697,,75.169.137.7,101,2022-10-28 12:43:34
698,,174.204.6.2,155,2022-10-28 13:51:26
699,,174.204.6.2,155,2022-10-28 13:51:26
700,,149.57.29.175,46,2022-10-28 13:52:58
701,,149.57.29.139,46,2022-10-28 14:14:25
702,,67.2.60.43,46,2022-10-28 19:05:18
703,,73.63.114.81,165,2022-10-28 14:32:06
704,,97.117.28.111,42,2022-10-28 14:59:51
705,,205.251.233.53,42,2022-10-28 15:14:10
706,,205.251.233.235,42,2022-10-28 19:08:31
707,,205.251.233.51,42,2022-10-28 19:10:42
708,,216.252.220.2,5,2022-10-28 15:45:09
709,,134.250.227.171,51,2022-10-28 16:00:25
710,,64.77.246.98,167,2022-10-28 16:15:35
711,,209.107.180.187,5,2022-10-28 18:49:35
712,,205.251.233.179,42,2022-10-28 18:57:15
713,,107.77.228.127,125,2022-10-28 19:00:52
714,,205.118.120.1,91,2022-10-28 20:00:02
